instance_id,split
SAT-Race-2010-CNF/cryptography/desgen/gss-16-s100.cnf,Test
SAT-Race-2010-CNF/cryptography/desgen/gss-19-s100.cnf,Train
SAT-Race-2010-CNF/cryptography/desgen/gss-20-s100.cnf,Validation
SAT-Race-2010-CNF/cryptography/mizh/sha0_35_1.cnf,Validation
SAT-Race-2010-CNF/cryptography/mizh/sha0_35_2.cnf,Train
SAT-Race-2010-CNF/cryptography/mizh/sha0_35_3.cnf,Test
SAT-Race-2010-CNF/cryptography/mizh/sha0_35_4.cnf,Train
SAT-Race-2010-CNF/hardware-verification/manolios/c6n.cnf,Test
SAT-Race-2010-CNF/hardware-verification/manolios/c7n.cnf,Train
SAT-Race-2010-CNF/hardware-verification/manolios/c8n_i.cnf,Validation
SAT-Race-2010-CNF/hardware-verification/manolios/c9b_i.cnf,Train
SAT-Race-2010-CNF/mixed/bioinf/q_query_3_l44_lambda.cnf,Validation
SAT-Race-2010-CNF/mixed/bioinf/q_query_3_l45_lambda.cnf,Test
SAT-Race-2010-CNF/mixed/bioinf/q_query_3_l48_lambda.cnf,Train
SAT-Race-2010-CNF/mixed/bioinf/rpoc_xits_08_UNSAT.cnf,None
SAT-Race-2010-CNF/mixed/grieu/vmpc_27.cnf,Validation
SAT-Race-2010-CNF/mixed/grieu/vmpc_28.cnf,Test
SAT-Race-2010-CNF/mixed/grieu/vmpc_31.cnf,Train
SAT-Race-2010-CNF/mixed/jarvisalo/eq.atree.braun.12.unsat.cnf,None
SAT-Race-2010-CNF/software-verification/bitverif/countbitsarray02_32.cnf,None
SAT-Race-2010-CNF/software-verification/fuhs/AProVE07-08.cnf,Validation
SAT-Race-2010-CNF/software-verification/fuhs/AProVE07-27.cnf,Train
SAT-Race-2010-CNF/software-verification/fuhs/AProVE09-20.cnf,Test
SAT_Competition2007/crafted/Difficult/contest-02-03-04/contest02-Mat26.sat05-457.reshuffled-07.cnf,None
SAT_Competition2007/crafted/Difficult/contest-02-03-04/contest02-ezfact64_10.sat05-449.reshuffled-07.cnf,None
SAT_Competition2007/crafted/Difficult/contest-02-03-04/contest03-SGI_30_50_30_20_1-dir.sat05-439.reshuffled-07.cnf,None
SAT_Competition2007/crafted/Difficult/contest-02-03-04/contest03-SGI_30_50_30_20_3-dir.sat05-440.reshuffled-07.cnf,None
SAT_Competition2007/crafted/Difficult/contest-02-03-04/contest03-hwb-n26-01-S1957858365.sat05-500.reshuffled-07.cnf,None
SAT_Competition2007/crafted/Difficult/contest05/QG/QG6-dead-dnd001.sat05-2742.reshuffled-07.cnf,Train
SAT_Competition2007/crafted/Difficult/contest05/QG/QG6-dead-dnd002.sat05-2713.reshuffled-07.cnf,Validation
SAT_Competition2007/crafted/Difficult/contest05/QG/QG6-gensys-brn007.sat05-2684.reshuffled-07.cnf,Train
SAT_Competition2007/crafted/Difficult/contest05/QG/QG6-gensys-icl001.sat05-2695.reshuffled-07.cnf,Train
SAT_Competition2007/crafted/Difficult/contest05/QG/QG6-gensys-icl004.sat05-2716.reshuffled-07.cnf,Validation
SAT_Competition2007/crafted/Difficult/contest05/QG/QG6-gensys-icl006.sat05-2718.reshuffled-07.cnf,Test
SAT_Competition2007/crafted/Difficult/contest05/QG/QG6-gensys-icl008.sat05-2720.reshuffled-07.cnf,Test
SAT_Competition2007/crafted/Difficult/contest05/QG/QG6-gensys-icl009.sat05-2721.reshuffled-07.cnf,Train
SAT_Competition2007/crafted/Difficult/contest05/QG/QG6-gensys-ukn003.sat05-2726.reshuffled-07.cnf,Train
SAT_Competition2007/crafted/Difficult/contest05/QG/QG7-gensys-icl006.sat05-3132.reshuffled-07.cnf,Train
SAT_Competition2007/crafted/Difficult/contest05/jarvisalo/mod2-rand3bip-sat-270-1.sat05-2248.reshuffled-07.cnf,Train
SAT_Competition2007/crafted/Difficult/contest05/jarvisalo/mod2-rand3bip-sat-270-2.sat05-2249.reshuffled-07.cnf,Validation
SAT_Competition2007/crafted/Difficult/contest05/jarvisalo/mod2-rand3bip-sat-280-1.sat05-2263.reshuffled-07.cnf,Test
SAT_Competition2007/crafted/Difficult/contest05/jarvisalo/mod2-rand3bip-sat-280-2.sat05-2264.reshuffled-07.cnf,Train
SAT_Competition2007/crafted/Difficult/contest05/jarvisalo/mod2-rand3bip-sat-280-3.sat05-2265.reshuffled-07.cnf,Train
SAT_Competition2007/crafted/Difficult/contest05/jarvisalo/mod2c-3cage-unsat-10-2.sat05-2567.reshuffled-07.cnf,None
SAT_Competition2007/crafted/Difficult/contest05/jarvisalo/mod2c-3cage-unsat-10-3.sat05-2568.reshuffled-07.cnf,None
SAT_Competition2007/crafted/Difficult/contest05/jarvisalo/mod2c-rand3bip-sat-210-3.sat05-2475.reshuffled-07.cnf,Validation
SAT_Competition2007/crafted/Difficult/contest05/jarvisalo/mod2c-rand3bip-unsat-120-3.sat05-2340.reshuffled-07.cnf,Test
SAT_Competition2007/crafted/Difficult/contest05/jarvisalo/mod2c-rand3bip-unsat-135-2.sat05-2354.reshuffled-07.cnf,Train
SAT_Competition2007/crafted/Difficult/contest05/others/linvrinv5.sat05-564.reshuffled-07.cnf,None
SAT_Competition2007/crafted/Difficult/contest05/others/pmg-12-UNSAT.sat05-3940.reshuffled-07.cnf,None
SAT_Competition2007/crafted/Difficult/contest05/others/sgp_5-5-6.sat05-2675.reshuffled-07.cnf,None
SAT_Competition2007/crafted/Difficult/contest05/sabharwal/counting-easier-fphp-014-012.sat05-1215.reshuffled-07.cnf,Test
SAT_Competition2007/crafted/Difficult/contest05/sabharwal/counting-easier-php-018-014.sat05-1175.reshuffled-07.cnf,Train
SAT_Competition2007/crafted/Difficult/contest05/sabharwal/counting-harder-php-014-013.sat05-1187.reshuffled-07.cnf,Test
SAT_Competition2007/crafted/Difficult/contest05/sabharwal/counting-harder-php-018-017.sat05-1189.reshuffled-07.cnf,Train
SAT_Competition2007/crafted/Difficult/contest05/sabharwal/gt-ordering-sat-gt-040.sat05-1297.reshuffled-07.cnf,Train
SAT_Competition2007/crafted/Difficult/contest05/sabharwal/gt-ordering-unsat-gt-045.sat05-1310.reshuffled-07.cnf,Test
SAT_Competition2007/crafted/Difficult/contest05/sabharwal/gt-ordering-unsat-gt-060.sat05-1312.reshuffled-07.cnf,Train
SAT_Competition2007/crafted/Hard/contest02/ezfact64_3.sat05-450.reshuffled-07.cnf,Validation
SAT_Competition2007/crafted/Hard/contest02/ezfact64_4.sat05-451.reshuffled-07.cnf,Train
SAT_Competition2007/crafted/Hard/contest02/ezfact64_5.sat05-452.reshuffled-07.cnf,Test
SAT_Competition2007/crafted/Hard/contest02/ezfact64_6.sat05-453.reshuffled-07.cnf,Train
SAT_Competition2007/crafted/Hard/contest02/pyhala-braun-unsat-40-4-02.sat05-459.reshuffled-07.cnf,None
SAT_Competition2007/crafted/Hard/contest03/looksrandom/hgen6-4-24-n650-03-S528656311.sat05-477.reshuffled-07.cnf,None
SAT_Competition2007/crafted/Hard/contest03/others/999999000001nw.sat05-447.reshuffled-07.cnf,None
SAT_Competition2007/crafted/Hard/contest03/others/bqwh.40.reg.520.sat05-433.reshuffled-07.cnf,None
SAT_Competition2007/crafted/Hard/contest03/others/hwb-n26-03-S540351185.sat05-490.reshuffled-07.cnf,None
SAT_Competition2007/crafted/Hard/contest03/others/hwb-n28-01-S136611085.sat05-491.reshuffled-07.cnf,None
SAT_Competition2007/crafted/Hard/contest04/connamacher/connm-ue-csp-sat-n1200-d-0.02-s405595518.sat05-531.reshuffled-07.cnf,None
SAT_Competition2007/crafted/Hard/contest04/connamacher/connm-ue-csp-sat-n800-d0.02-s925928766.sat05-538.reshuffled-07.cnf,None
SAT_Competition2007/crafted/Hard/contest04/others/equilarge_l2.sat05-519.reshuffled-07.cnf,Test
SAT_Competition2007/crafted/Hard/contest04/others/equilarge_l3.sat05-520.reshuffled-07.cnf,Train
SAT_Competition2007/crafted/Hard/contest04/others/equilarge_l4.sat05-521.reshuffled-07.cnf,Validation
SAT_Competition2007/crafted/Hard/contest05/QG/QG7-dead-dnd001.sat05-3419.reshuffled-07.cnf,Validation
SAT_Competition2007/crafted/Hard/contest05/QG/QG7-dead-dnd002.sat05-3108.reshuffled-07.cnf,Test
SAT_Competition2007/crafted/Hard/contest05/QG/QG7-dead-dnd005.sat05-3111.reshuffled-07.cnf,Train
SAT_Competition2007/crafted/Hard/contest05/QG/QG7-gensys-icl100.sat05-3226.reshuffled-07.cnf,Test
SAT_Competition2007/crafted/Hard/contest05/QG/QG7-gensys-ukn003.sat05-3346.reshuffled-07.cnf,Train
SAT_Competition2007/crafted/Hard/contest05/QG/QG7a-gensys-icl001.sat05-3822.reshuffled-07.cnf,Train
SAT_Competition2007/crafted/Hard/contest05/QG/QG7a-gensys-icl004.sat05-3825.reshuffled-07.cnf,Validation
SAT_Competition2007/crafted/Hard/contest05/QG/QG7a-gensys-icl009.sat05-3830.reshuffled-07.cnf,Train
SAT_Competition2007/crafted/Hard/contest05/QG/QG7a-gensys-ukn002.sat05-3842.reshuffled-07.cnf,Train
SAT_Competition2007/crafted/Hard/contest05/QG/QG7a-gensys-ukn009.sat05-3849.reshuffled-07.cnf,Validation
SAT_Competition2007/crafted/Hard/contest05/counting-clq/unsat-set-a-clqcolor-10-06-07.sat05-1250.reshuffled-07.cnf,Validation
SAT_Competition2007/crafted/Hard/contest05/counting-clq/unsat-set-a-clqcolor-12-07-08.sat05-1251.reshuffled-07.cnf,Train
SAT_Competition2007/crafted/Hard/contest05/counting-clq/unsat-set-a-fclqcolor-10-06-07.sat05-1274.reshuffled-07.cnf,Train
SAT_Competition2007/crafted/Hard/contest05/counting-clq/unsat-set-a-fclqcolor-20-13-14.sat05-1278.reshuffled-07.cnf,Train
SAT_Competition2007/crafted/Hard/contest05/counting-clq/unsat-set-b-fclqcolor-10-07-09.sat05-1282.reshuffled-07.cnf,Train
SAT_Competition2007/crafted/Hard/contest05/counting-clq/unsat-set-b-fclqcolor-25-18-23.sat05-1287.reshuffled-07.cnf,Train
SAT_Competition2007/crafted/Hard/contest05/counting-php/easier-fphp-020-015.sat05-1218.reshuffled-07.cnf,Train
SAT_Competition2007/crafted/Hard/contest05/counting-php/easier-fphp-035-029.sat05-1221.reshuffled-07.cnf,Validation
SAT_Competition2007/crafted/Hard/contest05/counting-php/easier-php-035-029.sat05-1179.reshuffled-07.cnf,Test
SAT_Competition2007/crafted/Hard/contest05/counting-php/harder-fphp-016-015.sat05-1230.reshuffled-07.cnf,Train
SAT_Competition2007/crafted/Hard/contest05/counting-php/harder-fphp-018-017.sat05-1231.reshuffled-07.cnf,Train
SAT_Competition2007/crafted/Hard/contest05/counting-php/harder-php-025-024.sat05-1191.reshuffled-07.cnf,Test
SAT_Competition2007/crafted/Hard/contest05/counting-php/harder-php-045-044.sat05-1195.reshuffled-07.cnf,Train
SAT_Competition2007/crafted/Hard/contest05/others/eulcbip-8-UNSAT.sat05-3937.reshuffled-07.cnf,None
SAT_Competition2007/crafted/Hard/contest05/others/mod2c-rand3bip-sat-220-1.sat05-2488.reshuffled-07.cnf,None
SAT_Competition2007/crafted/Hard/contest05/others/mod2c-rand3bip-sat-220-2.sat05-2489.reshuffled-07.cnf,None
SAT_Competition2007/crafted/Hard/contest05/others/strips-gripper-12t22.sat05-1151.reshuffled-07.cnf,None
SAT_Competition2007/crafted/Hard/contest05/others/strips-gripper-18t35.sat05-1147.reshuffled-07.cnf,None
SAT_Competition2007/crafted/Medium/contest05/jarvisalo/mod2-3cage-unsat-9-12.sat05-2587.reshuffled-07.cnf,None
SAT_Competition2007/crafted/Medium/contest05/jarvisalo/mod2-3cage-unsat-9-14.sat05-2589.reshuffled-07.cnf,None
SAT_Competition2007/crafted/Medium/contest05/jarvisalo/mod2-rand3bip-sat-210-1.sat05-2158.reshuffled-07.cnf,Validation
SAT_Competition2007/crafted/Medium/contest05/jarvisalo/mod2-rand3bip-sat-210-2.sat05-2159.reshuffled-07.cnf,Train
SAT_Competition2007/crafted/Medium/contest05/jarvisalo/mod2-rand3bip-sat-220-1.sat05-2173.reshuffled-07.cnf,Test
SAT_Competition2007/crafted/Medium/contest05/jarvisalo/mod2-rand3bip-sat-220-2.sat05-2174.reshuffled-07.cnf,Train
SAT_Competition2007/crafted/Medium/contest05/jarvisalo/mod2-rand3bip-sat-230-2.sat05-2189.reshuffled-07.cnf,Validation
SAT_Competition2007/crafted/Medium/contest05/jarvisalo/mod2-rand3bip-sat-240-3.sat05-2205.reshuffled-07.cnf,Train
SAT_Competition2007/crafted/Medium/contest05/jarvisalo/mod2-rand3bip-sat-250-3.sat05-2220.reshuffled-07.cnf,Test
SAT_Competition2007/crafted/Medium/contest05/jarvisalo/mod2c-rand3bip-sat-190-3.sat05-2445.reshuffled-07.cnf,Train
SAT_Competition2007/crafted/Medium/contest05/others/QG-gensys-brn008.sat05-2685.reshuffled-07.cnf,Validation
SAT_Competition2007/crafted/Medium/contest05/others/QG-gensys-icl003.sat05-2715.reshuffled-07.cnf,Train
SAT_Competition2007/crafted/Medium/contest05/others/QG7-gensys-icl001.sat05-2926.reshuffled-07.cnf,Validation
SAT_Competition2007/crafted/Medium/contest05/others/QG7a-gensys-brn004.sat05-3669.reshuffled-07.cnf,Train
SAT_Competition2007/crafted/Medium/contest05/others/QG7a-gensys-brn100.sat05-3765.reshuffled-07.cnf,Test
SAT_Competition2007/crafted/Medium/contest05/others/QG7a-gensys-ukn001.sat05-3841.reshuffled-07.cnf,Train
SAT_Competition2007/crafted/Medium/contest05/others/QG7a-gensys-ukn005.sat05-3845.reshuffled-07.cnf,Test
SAT_Competition2007/crafted/Medium/contest05/others/QG8-gensys-ukn005.sat05-3584.reshuffled-07.cnf,Train
SAT_Competition2007/crafted/Medium/contest05/others/gensys-ukn002.sat05-2744.reshuffled-07.cnf,None
SAT_Competition2007/crafted/Medium/contest05/others/pmg-11-UNSAT.sat05-3939.reshuffled-07.cnf,None
SAT_Competition2007/crafted/Medium/contest05/pebbling/sat-grid-pbl-0070.sat05-1334.reshuffled-07.cnf,Train
SAT_Competition2007/crafted/Medium/contest05/pebbling/sat-grid-pbl-0200.sat05-1339.reshuffled-07.cnf,Validation
SAT_Competition2007/crafted/Medium/contest05/pebbling/sat-pbl-00400.sat05-1322.reshuffled-07.cnf,Train
SAT_Competition2007/crafted/Medium/contest05/pebbling/unsat-grid-pbl-0080.sat05-1344.reshuffled-07.cnf,Test
SAT_Competition2007/crafted/Medium/contest05/pebbling/unsat-pbl-00070.sat05-1324.reshuffled-07.cnf,Train
SAT_Competition2007/crafted/Medium/contest05/pebbling/unsat-pbl-00080.sat05-1325.reshuffled-07.cnf,Train
SAT_Competition2007/crafted/Medium/contest05/pebbling/unsat-pbl-00090.sat05-1326.reshuffled-07.cnf,Test
SAT_Competition2007/crafted/Medium/contest05/pebbling/unsat-pbl-00150.sat05-1328.reshuffled-07.cnf,Validation
SAT_Competition2007/crafted/Medium/contest05/pebbling/unsat-pbl-00200.sat05-1329.reshuffled-07.cnf,Train
SAT_Competition2007/crafted/Medium/contest05/pebbling/unsat-pbl-00250.sat05-1330.reshuffled-07.cnf,Train
SAT_Competition2007/crafted/Medium/contest05/sabharwal/counting-easier-fphp-012-010.sat05-1214.reshuffled-07.cnf,Train
SAT_Competition2007/crafted/Medium/contest05/sabharwal/counting-easier-php-012-010.sat05-1172.reshuffled-07.cnf,Test
SAT_Competition2007/crafted/Medium/contest05/sabharwal/gt-ordering-sat-gt-030.sat05-1295.reshuffled-07.cnf,Train
SAT_Competition2007/crafted/Medium/contest05/sabharwal/gt-ordering-unsat-gt-025.sat05-1306.reshuffled-07.cnf,Test
SAT_Competition2007/crafted/Medium/contest05/sabharwal/gt-ordering-unsat-gt-030.sat05-1307.reshuffled-07.cnf,Train
SAT_Competition2007/crafted/Medium/contest05/sabharwal/gt-ordering-unsat-gt-035.sat05-1308.reshuffled-07.cnf,Test
SAT_Competition2007/crafted/Medium/contest05/sabharwal/sat-strips-gripper-10t19.sat05-1143.reshuffled-07.cnf,None
SAT_Competition2007/crafted/Medium/contest05/sabharwal/sat-strips-gripper-12t23.sat05-1144.reshuffled-07.cnf,None
SAT_Competition2007/crafted/Medium/contest05/sabharwal/unsat-logistics-rotate-09t5.sat05-1139.reshuffled-07.cnf,None
SAT_Competition2007/crafted/spence/hard/s97-100.cnf,Test
SAT_Competition2007/crafted/spence/medium/s57-100.cnf,Validation
SAT_Competition2007/crafted/spence/medium/s61-100.cnf,Test
SAT_Competition2007/crafted/spence/medium/s65-100.cnf,Train
SAT_Competition2007/crafted/spence/medium/s69-100.cnf,Train
SAT_Competition2007/crafted/spence/medium/s73-100.cnf,Validation
SAT_Competition2007/crafted/spence/medium/s77-100.cnf,Train
SAT_Competition2007/crafted/spence/medium/s81-100.cnf,Test
SAT_Competition2007/crafted/spence/medium/s85-100.cnf,Train
SAT_Competition2007/crafted/spence/medium/s89-100.cnf,Test
SAT_Competition2007/crafted/spence/medium/s93-100.cnf,Train
SAT_Competition2007/industrial/industrial/crypto/mizh-sha0-35-2.cnf,Train
SAT_Competition2007/industrial/industrial/crypto/mizh-sha0-35-3.cnf,Test
SAT_Competition2007/industrial/industrial/crypto/mizh-sha0-35-4.cnf,Train
SAT_Competition2007/industrial/industrial/crypto/mizh-sha0-35-5.cnf,Train
SAT_Competition2007/industrial/industrial/fuhs/hard/AProVE07-03.cnf,Train
SAT_Competition2007/industrial/industrial/fuhs/hard/AProVE07-08.cnf,Validation
SAT_Competition2007/industrial/industrial/fuhs/hard/AProVE07-27.cnf,Test
SAT_Competition2007/industrial/industrial/fuhs/medium/AProVE07-02.cnf,Train
SAT_Competition2007/industrial/industrial/fuhs/medium/AProVE07-04.cnf,Test
SAT_Competition2007/industrial/industrial/fuhs/medium/AProVE07-09.cnf,Train
SAT_Competition2007/industrial/industrial/fuhs/medium/AProVE07-15.cnf,Train
SAT_Competition2007/industrial/industrial/fuhs/medium/AProVE07-20.cnf,Validation
SAT_Competition2007/industrial/industrial/fuhs/medium/AProVE07-21.cnf,Test
SAT_Competition2007/industrial/industrial/fuhs/medium/AProVE07-22.cnf,Train
SAT_Competition2007/industrial/industrial/grieu/vmpc_24.cnf,Train
SAT_Competition2007/industrial/industrial/grieu/vmpc_25.cnf,Validation
SAT_Competition2007/industrial/industrial/grieu/vmpc_26.cnf,Train
SAT_Competition2007/industrial/industrial/grieu/vmpc_27.cnf,Test
SAT_Competition2007/industrial/industrial/grieu/vmpc_28.cnf,Test
SAT_Competition2007/industrial/industrial/grieu/vmpc_29.cnf,Train
SAT_Competition2007/industrial/industrial/grieu/vmpc_30.cnf,Train
SAT_Competition2007/industrial/industrial/grieu/vmpc_31.cnf,Validation
SAT_Competition2007/industrial/industrial/grieu/vmpc_33.cnf,Test
SAT_Competition2007/industrial/industrial/grieu/vmpc_34.cnf,Train
SAT_Competition2007/industrial/industrial/jarvisalo/eq.atree.braun.10.unsat.cnf,Train
SAT_Competition2007/industrial/industrial/jarvisalo/eq.atree.braun.11.unsat.cnf,Validation
SAT_Competition2007/industrial/industrial/jarvisalo/eq.atree.braun.7.unsat.cnf,Test
SAT_Competition2007/industrial/industrial/jarvisalo/eq.atree.braun.8.unsat.cnf,Validation
SAT_Competition2007/industrial/industrial/jarvisalo/eq.atree.braun.9.unsat.cnf,Train
SAT_Competition2007/industrial/industrial/palacios/hard/sortnet-6-ipc5-h11-unsat.cnf,None
SAT_Competition2009/APPLICATION/SAT07/industrial/fuhs/hard/AProVE07-08.cnf,Test
SAT_Competition2009/APPLICATION/SAT07/industrial/fuhs/hard/AProVE07-27.cnf,Train
SAT_Competition2009/APPLICATION/SAT07/industrial/fuhs/medium/AProVE07-09.cnf,Train
SAT_Competition2009/APPLICATION/SAT07/industrial/grieu/vmpc_24.cnf,Train
SAT_Competition2009/APPLICATION/SAT07/industrial/grieu/vmpc_25.cnf,Validation
SAT_Competition2009/APPLICATION/SAT07/industrial/grieu/vmpc_26.cnf,Train
SAT_Competition2009/APPLICATION/SAT07/industrial/grieu/vmpc_28.cnf,Test
SAT_Competition2009/APPLICATION/SAT07/industrial/grieu/vmpc_29.cnf,Train
SAT_Competition2009/APPLICATION/SAT07/industrial/grieu/vmpc_30.cnf,Test
SAT_Competition2009/APPLICATION/SAT07/industrial/grieu/vmpc_33.cnf,Train
SAT_Competition2009/APPLICATION/SAT07/industrial/grieu/vmpc_34.cnf,Train
SAT_Competition2009/APPLICATION/SAT07/industrial/jarvisalo/eq.atree.braun.10.unsat.cnf,Train
SAT_Competition2009/APPLICATION/SAT07/industrial/jarvisalo/eq.atree.braun.11.unsat.cnf,Test
SAT_Competition2009/APPLICATION/SAT07/industrial/jarvisalo/eq.atree.braun.8.unsat.cnf,Test
SAT_Competition2009/APPLICATION/SAT07/industrial/jarvisalo/eq.atree.braun.9.unsat.cnf,Train
SAT_Competition2009/APPLICATION/SAT07/industrial/vliw_unsat_2.0/9dlx_vliw_at_b_iq1.cnf,None
SAT_Competition2009/APPLICATION/SAT07/industrial/vliw_unsat_2.0/9dlx_vliw_at_b_iq2.cnf,None
SAT_Competition2009/APPLICATION/SAT09/APPLICATIONS/aprove09/AProVE09-05.cnf,Train
SAT_Competition2009/APPLICATION/SAT09/APPLICATIONS/aprove09/AProVE09-07.cnf,Train
SAT_Competition2009/APPLICATION/SAT09/APPLICATIONS/aprove09/AProVE09-08.cnf,Validation
SAT_Competition2009/APPLICATION/SAT09/APPLICATIONS/aprove09/AProVE09-11.cnf,Validation
SAT_Competition2009/APPLICATION/SAT09/APPLICATIONS/aprove09/AProVE09-12.cnf,Test
SAT_Competition2009/APPLICATION/SAT09/APPLICATIONS/aprove09/AProVE09-13.cnf,Train
SAT_Competition2009/APPLICATION/SAT09/APPLICATIONS/aprove09/AProVE09-17.cnf,Train
SAT_Competition2009/APPLICATION/SAT09/APPLICATIONS/aprove09/AProVE09-19.cnf,Test
SAT_Competition2009/APPLICATION/SAT09/APPLICATIONS/aprove09/AProVE09-20.cnf,Train
SAT_Competition2009/APPLICATION/SAT09/APPLICATIONS/aprove09/AProVE09-21.cnf,Test
SAT_Competition2009/APPLICATION/SAT09/APPLICATIONS/aprove09/AProVE09-22.cnf,Train
SAT_Competition2009/APPLICATION/SAT09/APPLICATIONS/aprove09/AProVE09-25.cnf,Train
SAT_Competition2009/APPLICATION/SAT09/APPLICATIONS/bioinfo/q_query_3_l37_lambda.cnf,Train
SAT_Competition2009/APPLICATION/SAT09/APPLICATIONS/bioinfo/q_query_3_l38_lambda.cnf,Validation
SAT_Competition2009/APPLICATION/SAT09/APPLICATIONS/bioinfo/q_query_3_l39_lambda.cnf,Test
SAT_Competition2009/APPLICATION/SAT09/APPLICATIONS/bioinfo/q_query_3_l40_lambda.cnf,Train
SAT_Competition2009/APPLICATION/SAT09/APPLICATIONS/bioinfo/q_query_3_l41_lambda.cnf,Test
SAT_Competition2009/APPLICATION/SAT09/APPLICATIONS/bioinfo/q_query_3_l42_lambda.cnf,Train
SAT_Competition2009/APPLICATION/SAT09/APPLICATIONS/bioinfo/q_query_3_l43_lambda.cnf,Train
SAT_Competition2009/APPLICATION/SAT09/APPLICATIONS/bioinfo/q_query_3_l44_lambda.cnf,Validation
SAT_Competition2009/APPLICATION/SAT09/APPLICATIONS/bioinfo/q_query_3_l45_lambda.cnf,Train
SAT_Competition2009/APPLICATION/SAT09/APPLICATIONS/bioinfo/q_query_3_l46_lambda.cnf,Test
SAT_Competition2009/APPLICATION/SAT09/APPLICATIONS/bioinfo/q_query_3_l47_lambda.cnf,Train
SAT_Competition2009/APPLICATION/SAT09/APPLICATIONS/bioinfo/q_query_3_l48_lambda.cnf,Train
SAT_Competition2009/APPLICATION/SAT09/APPLICATIONS/bitverif/countbitsarray/countbitsarray02_32.cnf,Validation
SAT_Competition2009/APPLICATION/SAT09/APPLICATIONS/bitverif/countbitsrotate/countbitsrotate016.cnf,Test
SAT_Competition2009/APPLICATION/SAT09/APPLICATIONS/bitverif/countbitssrl/countbitssrl016.cnf,Validation
SAT_Competition2009/APPLICATION/SAT09/APPLICATIONS/bitverif/countbitssrl/countbitssrl032.cnf,Train
SAT_Competition2009/APPLICATION/SAT09/APPLICATIONS/bitverif/countbitswegner/countbitswegner064.cnf,Train
SAT_Competition2009/APPLICATION/SAT09/APPLICATIONS/bitverif/icbrt/icbrt1_32.cnf,Train
SAT_Competition2009/APPLICATION/SAT09/APPLICATIONS/bitverif/maxand/maxand064.cnf,Validation
SAT_Competition2009/APPLICATION/SAT09/APPLICATIONS/bitverif/maxxororand/maxxororand032.cnf,Train
SAT_Competition2009/APPLICATION/SAT09/APPLICATIONS/bitverif/minandmaxor/minandmaxor032.cnf,Test
SAT_Competition2009/APPLICATION/SAT09/APPLICATIONS/bitverif/minor/minor032.cnf,Validation
SAT_Competition2009/APPLICATION/SAT09/APPLICATIONS/bitverif/minor/minor064.cnf,Train
SAT_Competition2009/APPLICATION/SAT09/APPLICATIONS/bitverif/minxorminand/minxorminand032.cnf,Test
SAT_Competition2009/APPLICATION/SAT09/APPLICATIONS/bitverif/minxorminand/minxorminand064.cnf,Train
SAT_Competition2009/APPLICATION/SAT09/APPLICATIONS/bitverif/smulo/smulo016.cnf,Train
SAT_Competition2009/APPLICATION/SAT09/APPLICATIONS/crypto/desgen/gss-13-s100.cnf,Train
SAT_Competition2009/APPLICATION/SAT09/APPLICATIONS/crypto/desgen/gss-14-s100.cnf,Test
SAT_Competition2009/APPLICATION/SAT09/APPLICATIONS/crypto/desgen/gss-15-s100.cnf,Train
SAT_Competition2009/APPLICATION/SAT09/APPLICATIONS/crypto/desgen/gss-16-s100.cnf,Validation
SAT_Competition2009/APPLICATION/SAT09/APPLICATIONS/crypto/desgen/gss-17-s100.cnf,Test
SAT_Competition2009/APPLICATION/SAT09/APPLICATIONS/crypto/desgen/gss-19-s100.cnf,Train
SAT_Competition2009/APPLICATION/SAT09/APPLICATIONS/crypto/desgen/gss-20-s100.cnf,Train
SAT_Competition2009/APPLICATION/SAT09/APPLICATIONS/crypto/desgen/gss-21-s100.cnf,Train
SAT_Competition2009/APPLICATION/SAT09/APPLICATIONS/crypto/desgen/gss-22-s100.cnf,Validation
SAT_Competition2009/APPLICATION/SAT09/APPLICATIONS/crypto/desgen/gss-23-s100.cnf,Train
SAT_Competition2009/APPLICATION/SAT09/APPLICATIONS/crypto/desgen/gss-24-s100.cnf,Test
SAT_Competition2009/APPLICATION/SAT09/APPLICATIONS/crypto/desgen/gss-25-s100.cnf,Test
SAT_Competition2009/APPLICATION/SAT09/APPLICATIONS/satComp09_BioInstances/ndhf_xits_20_SAT.cnf,Validation
SAT_Competition2009/APPLICATION/SAT09/APPLICATIONS/satComp09_BioInstances/ndhf_xits_21_SAT.cnf,Train
SAT_Competition2009/APPLICATION/SAT09/APPLICATIONS/satComp09_BioInstances/ndhf_xits_22_SAT.cnf,Validation
SAT_Competition2009/APPLICATION/SAT09/APPLICATIONS/satComp09_BioInstances/rbcl_xits_06_UNSAT.cnf,Train
SAT_Competition2009/APPLICATION/SAT09/APPLICATIONS/satComp09_BioInstances/rbcl_xits_07_UNSAT.cnf,Test
SAT_Competition2009/APPLICATION/SAT09/APPLICATIONS/satComp09_BioInstances/rbcl_xits_08_UNSAT.cnf,Train
SAT_Competition2009/APPLICATION/SAT09/APPLICATIONS/satComp09_BioInstances/rbcl_xits_14_SAT.cnf,Train
SAT_Competition2009/APPLICATION/SAT09/APPLICATIONS/satComp09_BioInstances/rpoc_xits_07_UNSAT.cnf,Train
SAT_Competition2009/APPLICATION/SAT09/APPLICATIONS/satComp09_BioInstances/rpoc_xits_08_UNSAT.cnf,Validation
SAT_Competition2009/APPLICATION/SAT09/APPLICATIONS/satComp09_BioInstances/rpoc_xits_17_SAT.cnf,Train
SAT_Competition2009/APPLICATION/SAT_RACE06/goldb-heqc-i10mul.cnf,None
SAT_Competition2009/APPLICATION/SAT_RACE06/goldb-heqc-term1mul.cnf,None
SAT_Competition2009/APPLICATION/SAT_RACE06/manol-pipe-c9.cnf,None
SAT_Competition2009/APPLICATION/SAT_RACE06/manol-pipe-g6bi.cnf,None
SAT_Competition2009/APPLICATION/SAT_RACE06/simon-s02b-dp11u10.cnf,None
SAT_Competition2009/APPLICATION/SAT_RACE06/simon-s02b-k2f-gr-rcs-w8.cnf,None
SAT_Competition2009/APPLICATION/SAT_RACE06/velev-live-uns-2.0-ebuf.cnf,None
SAT_Competition2009/APPLICATION/SAT_RACE06/velev-pipe-o-uns-1.1-6.cnf,None
SAT_Competition2009/APPLICATION/SAT_RACE08/cnf/aloul-chnl11-13.cnf,None
SAT_Competition2009/APPLICATION/SAT_RACE08/cnf/cmu-bmc-barrel6.cnf,None
SAT_Competition2009/APPLICATION/SAT_RACE08/cnf/cmu-bmc-longmult15.cnf,None
SAT_Competition2009/APPLICATION/SAT_RACE08/cnf/een-tip-sat-texas-tp-5e.cnf,None
SAT_Competition2009/APPLICATION/SAT_RACE08/cnf/goldb-heqc-alu4mul.cnf,Validation
SAT_Competition2009/APPLICATION/SAT_RACE08/cnf/goldb-heqc-dalumul.cnf,Train
SAT_Competition2009/APPLICATION/SAT_RACE08/cnf/goldb-heqc-frg1mul.cnf,Validation
SAT_Competition2009/APPLICATION/SAT_RACE08/cnf/goldb-heqc-x1mul.cnf,Train
SAT_Competition2009/APPLICATION/SAT_RACE08/cnf/hoons-vbmc-lucky7.cnf,Train
SAT_Competition2009/APPLICATION/SAT_RACE08/cnf/mizh-sha0-35-3.cnf,None
SAT_Competition2009/APPLICATION/SAT_RACE08/cnf/schup-l2s-abp4-1-k31.cnf,None
SAT_Competition2009/APPLICATION/SAT_RACE08/cnf/vange-col-abb313GPIA-9-c.cnf,None
SAT_Competition2009/APPLICATION/SAT_RACE08/cnf/velev-engi-uns-1.0-4nd.cnf,None
SAT_Competition2009/CRAFTED/Difficult/contest-02-03-04/contest02-Mat26.sat05-457.reshuffled-07.cnf,None
SAT_Competition2009/CRAFTED/Difficult/contest-02-03-04/contest02-ezfact64_10.sat05-449.reshuffled-07.cnf,None
SAT_Competition2009/CRAFTED/Difficult/contest-02-03-04/contest03-SGI_30_50_30_20_1-dir.sat05-439.reshuffled-07.cnf,None
SAT_Competition2009/CRAFTED/Difficult/contest-02-03-04/contest03-SGI_30_50_30_20_3-dir.sat05-440.reshuffled-07.cnf,None
SAT_Competition2009/CRAFTED/Difficult/contest-02-03-04/contest04-connm-ue-csp-sat-n600-d0.02-s1676244754.sat05-535.reshuffled-07.cnf,None
SAT_Competition2009/CRAFTED/Difficult/contest-02-03-04/contest04-connm-ue-csp-sat-n800-d0.04-s362703357.sat05-548.reshuffled-07.cnf,None
SAT_Competition2009/CRAFTED/Difficult/contest-02-03-04/contest04-lksat-n1000-m6860-k4-l4-s1935114289.sat05-523.reshuffled-07.cnf,None
SAT_Competition2009/CRAFTED/Difficult/contest-02-03-04/contest04-lksat-n1100-m7545-k4-l4-s310659001.sat05-524.reshuffled-07.cnf,None
SAT_Competition2009/CRAFTED/Difficult/contest05/QG/QG6-dead-dnd002.sat05-2713.reshuffled-07.cnf,Train
SAT_Competition2009/CRAFTED/Difficult/contest05/QG/QG6-gensys-brn007.sat05-2684.reshuffled-07.cnf,Test
SAT_Competition2009/CRAFTED/Difficult/contest05/QG/QG6-gensys-icl001.sat05-2695.reshuffled-07.cnf,Train
SAT_Competition2009/CRAFTED/Difficult/contest05/QG/QG6-gensys-icl004.sat05-2716.reshuffled-07.cnf,Train
SAT_Competition2009/CRAFTED/Difficult/contest05/QG/QG6-gensys-icl008.sat05-2720.reshuffled-07.cnf,Validation
SAT_Competition2009/CRAFTED/Difficult/contest05/QG/QG6-gensys-icl009.sat05-2721.reshuffled-07.cnf,Train
SAT_Competition2009/CRAFTED/Difficult/contest05/QG/QG6-gensys-ukn003.sat05-2726.reshuffled-07.cnf,Train
SAT_Competition2009/CRAFTED/Difficult/contest05/QG/QG7-gensys-icl006.sat05-3132.reshuffled-07.cnf,Test
SAT_Competition2009/CRAFTED/Difficult/contest05/jarvisalo/mod2-rand3bip-sat-270-1.sat05-2248.reshuffled-07.cnf,Train
SAT_Competition2009/CRAFTED/Difficult/contest05/jarvisalo/mod2-rand3bip-sat-270-2.sat05-2249.reshuffled-07.cnf,Train
SAT_Competition2009/CRAFTED/Difficult/contest05/jarvisalo/mod2-rand3bip-sat-280-1.sat05-2263.reshuffled-07.cnf,Validation
SAT_Competition2009/CRAFTED/Difficult/contest05/jarvisalo/mod2-rand3bip-sat-280-2.sat05-2264.reshuffled-07.cnf,Train
SAT_Competition2009/CRAFTED/Difficult/contest05/jarvisalo/mod2-rand3bip-sat-280-3.sat05-2265.reshuffled-07.cnf,Test
SAT_Competition2009/CRAFTED/Difficult/contest05/jarvisalo/mod2c-3cage-unsat-10-3.sat05-2568.reshuffled-07.cnf,None
SAT_Competition2009/CRAFTED/Difficult/contest05/jarvisalo/mod2c-rand3bip-sat-210-3.sat05-2475.reshuffled-07.cnf,Validation
SAT_Competition2009/CRAFTED/Difficult/contest05/jarvisalo/mod2c-rand3bip-unsat-120-3.sat05-2340.reshuffled-07.cnf,Train
SAT_Competition2009/CRAFTED/Difficult/contest05/others/linvrinv5.sat05-564.reshuffled-07.cnf,None
SAT_Competition2009/CRAFTED/Difficult/contest05/others/pmg-12-UNSAT.sat05-3940.reshuffled-07.cnf,None
SAT_Competition2009/CRAFTED/Difficult/contest05/others/sgp_5-5-6.sat05-2675.reshuffled-07.cnf,None
SAT_Competition2009/CRAFTED/Difficult/contest05/sabharwal/counting-easier-php-018-014.sat05-1175.reshuffled-07.cnf,Train
SAT_Competition2009/CRAFTED/Difficult/contest05/sabharwal/counting-harder-php-014-013.sat05-1187.reshuffled-07.cnf,Validation
SAT_Competition2009/CRAFTED/Difficult/contest05/sabharwal/counting-harder-php-018-017.sat05-1189.reshuffled-07.cnf,Train
SAT_Competition2009/CRAFTED/Difficult/contest05/sabharwal/gt-ordering-sat-gt-040.sat05-1297.reshuffled-07.cnf,Validation
SAT_Competition2009/CRAFTED/Difficult/contest05/sabharwal/gt-ordering-unsat-gt-045.sat05-1310.reshuffled-07.cnf,Train
SAT_Competition2009/CRAFTED/Difficult/contest05/sabharwal/gt-ordering-unsat-gt-060.sat05-1312.reshuffled-07.cnf,Train
SAT_Competition2009/CRAFTED/Hard/contest02/ezfact64_3.sat05-450.reshuffled-07.cnf,None
SAT_Competition2009/CRAFTED/Hard/contest02/pyhala-braun-unsat-40-4-02.sat05-459.reshuffled-07.cnf,None
SAT_Competition2009/CRAFTED/Hard/contest03/looksrandom/hgen6-4-24-n650-03-S528656311.sat05-477.reshuffled-07.cnf,None
SAT_Competition2009/CRAFTED/Hard/contest03/others/999999000001nw.sat05-447.reshuffled-07.cnf,None
SAT_Competition2009/CRAFTED/Hard/contest03/others/bqwh.40.reg.520.sat05-433.reshuffled-07.cnf,None
SAT_Competition2009/CRAFTED/Hard/contest03/others/hwb-n28-01-S136611085.sat05-491.reshuffled-07.cnf,None
SAT_Competition2009/CRAFTED/Hard/contest04/connamacher/connm-ue-csp-sat-n800-d0.02-s925928766.sat05-538.reshuffled-07.cnf,None
SAT_Competition2009/CRAFTED/Hard/contest04/others/equilarge_l2.sat05-519.reshuffled-07.cnf,Validation
SAT_Competition2009/CRAFTED/Hard/contest04/others/equilarge_l3.sat05-520.reshuffled-07.cnf,Test
SAT_Competition2009/CRAFTED/Hard/contest04/others/equilarge_l4.sat05-521.reshuffled-07.cnf,Train
SAT_Competition2009/CRAFTED/Hard/contest05/QG/QG7-dead-dnd001.sat05-3419.reshuffled-07.cnf,Train
SAT_Competition2009/CRAFTED/Hard/contest05/QG/QG7-dead-dnd005.sat05-3111.reshuffled-07.cnf,Train
SAT_Competition2009/CRAFTED/Hard/contest05/QG/QG7-gensys-icl100.sat05-3226.reshuffled-07.cnf,Validation
SAT_Competition2009/CRAFTED/Hard/contest05/QG/QG7-gensys-ukn003.sat05-3346.reshuffled-07.cnf,Test
SAT_Competition2009/CRAFTED/Hard/contest05/QG/QG7a-gensys-icl004.sat05-3825.reshuffled-07.cnf,Train
SAT_Competition2009/CRAFTED/Hard/contest05/QG/QG7a-gensys-ukn002.sat05-3842.reshuffled-07.cnf,Train
SAT_Competition2009/CRAFTED/Hard/contest05/counting-clq/unsat-set-b-fclqcolor-10-07-09.sat05-1282.reshuffled-07.cnf,Test
SAT_Competition2009/CRAFTED/Hard/contest05/counting-clq/unsat-set-b-fclqcolor-25-18-23.sat05-1287.reshuffled-07.cnf,Train
SAT_Competition2009/CRAFTED/Hard/contest05/counting-php/easier-fphp-035-029.sat05-1221.reshuffled-07.cnf,Train
SAT_Competition2009/CRAFTED/Hard/contest05/others/eulcbip-8-UNSAT.sat05-3937.reshuffled-07.cnf,None
SAT_Competition2009/CRAFTED/Hard/contest05/others/mod2c-rand3bip-sat-220-1.sat05-2488.reshuffled-07.cnf,None
SAT_Competition2009/CRAFTED/Hard/contest05/others/mod2c-rand3bip-sat-220-2.sat05-2489.reshuffled-07.cnf,None
SAT_Competition2009/CRAFTED/Hard/contest05/others/strips-gripper-18t35.sat05-1147.reshuffled-07.cnf,None
SAT_Competition2009/CRAFTED/Medium/contest05/jarvisalo/mod2-3cage-unsat-9-12.sat05-2587.reshuffled-07.cnf,Test
SAT_Competition2009/CRAFTED/Medium/contest05/jarvisalo/mod2-3cage-unsat-9-14.sat05-2589.reshuffled-07.cnf,Train
SAT_Competition2009/CRAFTED/Medium/contest05/jarvisalo/mod2-rand3bip-sat-210-2.sat05-2159.reshuffled-07.cnf,Validation
SAT_Competition2009/CRAFTED/Medium/contest05/jarvisalo/mod2-rand3bip-sat-220-1.sat05-2173.reshuffled-07.cnf,Train
SAT_Competition2009/CRAFTED/Medium/contest05/jarvisalo/mod2-rand3bip-sat-230-2.sat05-2189.reshuffled-07.cnf,Test
SAT_Competition2009/CRAFTED/Medium/contest05/jarvisalo/mod2-rand3bip-sat-250-3.sat05-2220.reshuffled-07.cnf,Validation
SAT_Competition2009/CRAFTED/Medium/contest05/jarvisalo/mod2c-rand3bip-sat-190-3.sat05-2445.reshuffled-07.cnf,Train
SAT_Competition2009/CRAFTED/Medium/contest05/others/QG-gensys-brn008.sat05-2685.reshuffled-07.cnf,Train
SAT_Competition2009/CRAFTED/Medium/contest05/others/QG-gensys-icl003.sat05-2715.reshuffled-07.cnf,Train
SAT_Competition2009/CRAFTED/Medium/contest05/others/QG7-gensys-icl001.sat05-2926.reshuffled-07.cnf,Test
SAT_Competition2009/CRAFTED/Medium/contest05/others/QG7a-gensys-brn004.sat05-3669.reshuffled-07.cnf,Test
SAT_Competition2009/CRAFTED/Medium/contest05/others/QG7a-gensys-ukn001.sat05-3841.reshuffled-07.cnf,Validation
SAT_Competition2009/CRAFTED/Medium/contest05/others/QG7a-gensys-ukn005.sat05-3845.reshuffled-07.cnf,Train
SAT_Competition2009/CRAFTED/Medium/contest05/others/QG8-gensys-ukn005.sat05-3584.reshuffled-07.cnf,Train
SAT_Competition2009/CRAFTED/Medium/contest05/others/pmg-11-UNSAT.sat05-3939.reshuffled-07.cnf,None
SAT_Competition2009/CRAFTED/Medium/contest05/pebbling/unsat-grid-pbl-0080.sat05-1344.reshuffled-07.cnf,Train
SAT_Competition2009/CRAFTED/Medium/contest05/pebbling/unsat-pbl-00080.sat05-1325.reshuffled-07.cnf,Validation
SAT_Competition2009/CRAFTED/Medium/contest05/pebbling/unsat-pbl-00090.sat05-1326.reshuffled-07.cnf,Train
SAT_Competition2009/CRAFTED/Medium/contest05/sabharwal/counting-clqcolor-unsat-set-b-clqcolor-08-06-07.sat05-1257.reshuffled-07.cnf,None
SAT_Competition2009/CRAFTED/Medium/contest05/sabharwal/counting-easier-php-012-010.sat05-1172.reshuffled-07.cnf,Train
SAT_Competition2009/CRAFTED/Medium/contest05/sabharwal/sat-strips-gripper-12t23.sat05-1144.reshuffled-07.cnf,None
SAT_Competition2009/CRAFTED/edgematching/all/em_11_3_4_all.cnf,Train
SAT_Competition2009/CRAFTED/edgematching/all/em_7_3_6_all.cnf,Test
SAT_Competition2009/CRAFTED/edgematching/all/em_7_4_8_all.cnf,Validation
SAT_Competition2009/CRAFTED/edgematching/all/em_7_4_9_all.cnf,Train
SAT_Competition2009/CRAFTED/edgematching/all/em_8_4_5_all.cnf,Train
SAT_Competition2009/CRAFTED/edgematching/compact/em_11_3_4_cmp.cnf,Train
SAT_Competition2009/CRAFTED/edgematching/compact/em_12_2_4_cmp.cnf,Validation
SAT_Competition2009/CRAFTED/edgematching/compact/em_14_7_3_cmp.cnf,Train
SAT_Competition2009/CRAFTED/edgematching/compact/em_7_3_6_cmp.cnf,Test
SAT_Competition2009/CRAFTED/edgematching/compact/em_7_4_8_cmp.cnf,Validation
SAT_Competition2009/CRAFTED/edgematching/compact/em_7_4_9_cmp.cnf,Train
SAT_Competition2009/CRAFTED/edgematching/compact/em_8_4_5_cmp.cnf,Train
SAT_Competition2009/CRAFTED/edgematching/compact/em_9_3_5_cmp.cnf,Validation
SAT_Competition2009/CRAFTED/edgematching/explicit/em_11_3_4_exp.cnf,Test
SAT_Competition2009/CRAFTED/edgematching/explicit/em_7_3_6_exp.cnf,Train
SAT_Competition2009/CRAFTED/edgematching/explicit/em_7_4_8_exp.cnf,Train
SAT_Competition2009/CRAFTED/edgematching/explicit/em_7_4_9_exp.cnf,Validation
SAT_Competition2009/CRAFTED/edgematching/explicit/em_8_4_5_exp.cnf,Train
SAT_Competition2009/CRAFTED/edgematching/explicit/em_9_3_5_exp.cnf,Test
SAT_Competition2009/CRAFTED/edgematching/fbcolors/em_11_3_4_fbc.cnf,Train
SAT_Competition2009/CRAFTED/edgematching/fbcolors/em_12_2_4_fbc.cnf,Test
SAT_Competition2009/CRAFTED/edgematching/fbcolors/em_14_7_3_fbc.cnf,Train
SAT_Competition2009/CRAFTED/edgematching/fbcolors/em_7_3_6_fbc.cnf,Validation
SAT_Competition2009/CRAFTED/edgematching/fbcolors/em_7_4_8_fbc.cnf,Train
SAT_Competition2009/CRAFTED/edgematching/fbcolors/em_7_4_9_fbc.cnf,Train
SAT_Competition2009/CRAFTED/edgematching/fbcolors/em_8_4_5_fbc.cnf,Test
SAT_Competition2009/CRAFTED/edgematching/fbcolors/em_9_3_5_fbc.cnf,Validation
SAT_Competition2009/CRAFTED/modcircuits/mod3_4vars_6gates.cnf,None
SAT_Competition2009/CRAFTED/modcircuits/mod3block_3vars_9gates_restr.cnf,None
SAT_Competition2009/CRAFTED/modcircuits/mod4block_2vars_10gates_u2_autoenc.cnf,None
SAT_Competition2009/CRAFTED/modcircuits/mod4block_2vars_11gates_u2_autoenc.cnf,None
SAT_Competition2009/CRAFTED/modcircuits/mod4block_2vars_8gates_u2.cnf,None
SAT_Competition2009/CRAFTED/modcircuits/mod5block_1var_7gates.cnf,None
SAT_Competition2009/CRAFTED/modcircuits/owp_4vars_5gates.cnf,None
SAT_Competition2009/CRAFTED/parity-games/instance_n2_i2_pp.cnf,Train
SAT_Competition2009/CRAFTED/parity-games/instance_n2_i3_pp.cnf,Test
SAT_Competition2009/CRAFTED/parity-games/instance_n3_i3_pp.cnf,Train
SAT_Competition2009/CRAFTED/parity-games/instance_n3_i3_pp_ci_ce.cnf,Train
SAT_Competition2009/CRAFTED/parity-games/instance_n3_i4_pp_ci_ce.cnf,Validation
SAT_Competition2009/CRAFTED/parity-games/instance_n4_i4_pp.cnf,Train
SAT_Competition2009/CRAFTED/parity-games/instance_n4_i4_pp_ci_ce.cnf,Train
SAT_Competition2009/CRAFTED/parity-games/instance_n4_i5_pp.cnf,Test
SAT_Competition2009/CRAFTED/parity-games/instance_n5_i5_pp.cnf,Train
SAT_Competition2009/CRAFTED/parity-games/instance_n5_i6_pp.cnf,Train
SAT_Competition2009/CRAFTED/parity-games/instance_n5_i6_pp_ci_ce.cnf,Validation
SAT_Competition2009/CRAFTED/parity-games/instance_n6_i6_pp.cnf,Train
SAT_Competition2009/CRAFTED/parity-games/instance_n6_i6_pp_ci_ce.cnf,Train
SAT_Competition2009/CRAFTED/parity-games/instance_n6_i7_pp.cnf,Test
SAT_Competition2009/CRAFTED/parity-games/instance_n6_i7_pp_ci_ce.cnf,Train
SAT_Competition2009/CRAFTED/parity-games/instance_n7_i7_pp.cnf,Train
SAT_Competition2009/CRAFTED/parity-games/instance_n7_i7_pp_ci_ce.cnf,Train
SAT_Competition2009/CRAFTED/parity-games/instance_n7_i8_pp.cnf,Test
SAT_Competition2009/CRAFTED/parity-games/instance_n8_i8_pp.cnf,Validation
SAT_Competition2009/CRAFTED/parity-games/instance_n8_i8_pp_ci_ce.cnf,Train
SAT_Competition2009/CRAFTED/parity-games/instance_n8_i9_pp.cnf,Train
SAT_Competition2009/CRAFTED/parity-games/instance_n9_i9_pp.cnf,Test
SAT_Competition2009/CRAFTED/parity-games/instance_n9_i9_pp_ci_ce.cnf,Train
SAT_Competition2009/CRAFTED/ramseycube/Q32inK09.cnf,Train
SAT_Competition2009/CRAFTED/ramseycube/Q32inK10.cnf,Train
SAT_Competition2009/CRAFTED/ramseycube/Q32inK11.cnf,Validation
SAT_Competition2009/CRAFTED/ramseycube/Q3inK08.cnf,Train
SAT_Competition2009/CRAFTED/ramseycube/Q3inK09.cnf,Test
SAT_Competition2009/CRAFTED/ramseycube/Q3inK10.cnf,Train
SAT_Competition2009/CRAFTED/ramseycube/Q3inK11.cnf,Train
SAT_Competition2009/CRAFTED/rbsat/crafted/forced/rbsat-v1150c84314gyes1.cnf,Train
SAT_Competition2009/CRAFTED/rbsat/crafted/forced/rbsat-v1150c84314gyes2.cnf,Test
SAT_Competition2009/CRAFTED/rbsat/crafted/forced/rbsat-v1560c133795gyes9.cnf,Train
SAT_Competition2009/CRAFTED/rbsat/crafted/forced/rbsat-v760c43649gyes1.cnf,Train
SAT_Competition2009/CRAFTED/rbsat/crafted/forced/rbsat-v945c61409gyes2.cnf,Test
SAT_Competition2009/CRAFTED/rbsat/crafted/forced/rbsat-v945c61409gyes8.cnf,Train
SAT_Competition2009/CRAFTED/rbsat/crafted/unforced/rbsat-v1375c111739g6.cnf,Train
SAT_Competition2009/CRAFTED/rbsat/random/forced/rbsat-v1150c84314gyes3.cnf,Train
SAT_Competition2009/CRAFTED/rbsat/random/forced/rbsat-v760c43649gyes1.cnf,Train
SAT_Competition2009/CRAFTED/rbsat/random/forced/rbsat-v760c43649gyes10.cnf,Test
SAT_Competition2009/CRAFTED/rbsat/random/forced/rbsat-v760c43649gyes4.cnf,Train
SAT_Competition2009/CRAFTED/rbsat/random/forced/rbsat-v760c43649gyes6.cnf,Test
SAT_Competition2009/CRAFTED/rbsat/random/forced/rbsat-v945c61409gyes4.cnf,Train
SAT_Competition2009/CRAFTED/rbsat/random/forced/rbsat-v945c61409gyes9.cnf,Train
SAT_Competition2009/CRAFTED/rbsat/random/unforced/rbsat-v760c43649g1.cnf,Train
SAT_Competition2009/CRAFTED/rbsat/random/unforced/rbsat-v760c43649g10.cnf,Train
SAT_Competition2009/CRAFTED/rbsat/random/unforced/rbsat-v760c43649g4.cnf,Train
SAT_Competition2009/CRAFTED/rbsat/random/unforced/rbsat-v760c43649g8.cnf,Test
SAT_Competition2009/CRAFTED/rbsat/random/unforced/rbsat-v945c61409g10.cnf,Train
SAT_Competition2009/CRAFTED/sgen/sat/sgen1-sat-140-100.cnf,Train
SAT_Competition2009/CRAFTED/sgen/sat/sgen1-sat-160-100.cnf,Train
SAT_Competition2009/CRAFTED/sgen/sat/sgen1-sat-180-100.cnf,Validation
SAT_Competition2009/CRAFTED/sgen/sat/sgen1-sat-200-100.cnf,Train
SAT_Competition2009/CRAFTED/sgen/sat/sgen1-sat-220-100.cnf,Test
SAT_Competition2009/CRAFTED/sgen/sat/sgen1-sat-230-100.cnf,Test
SAT_Competition2009/CRAFTED/sgen/sat/sgen1-sat-240-100.cnf,Train
SAT_Competition2009/CRAFTED/sgen/sat/sgen1-sat-250-100.cnf,Train
SAT_Competition2009/CRAFTED/sgen/sat/sgen1-sat-260-100.cnf,Validation
SAT_Competition2009/CRAFTED/sgen/sat/sgen1-sat-270-100.cnf,Train
SAT_Competition2009/CRAFTED/sgen/sat/sgen1-sat-280-100.cnf,Train
SAT_Competition2009/CRAFTED/sgen/sat/sgen1-sat-290-100.cnf,Train
SAT_Competition2009/CRAFTED/sgen/sat/sgen1-sat-300-100.cnf,Test
SAT_Competition2009/CRAFTED/sgen/unsat/sgen1-unsat-61-100.cnf,Test
SAT_Competition2009/CRAFTED/sgen/unsat/sgen1-unsat-73-100.cnf,Train
SAT_Competition2009/CRAFTED/sgen/unsat/sgen1-unsat-85-100.cnf,Validation
SAT_Competition2009/CRAFTED/sgen/unsat/sgen1-unsat-97-100.cnf,Train
SAT_Competition2009/CRAFTED/sgi/new-difficult-20-152-18-95.cnf,Train
SAT_Competition2009/CRAFTED/sgi/new-difficult-21-168-19-90.cnf,Train
SAT_Competition2009/CRAFTED/sgi/new-difficult-22-173-20-80.cnf,Test
SAT_Competition2009/CRAFTED/sgi/new-difficult-23-189-21-75.cnf,Train
SAT_Competition2009/CRAFTED/sgi/new-difficult-24-193-22-70.cnf,Validation
SAT_Competition2009/CRAFTED/sgi/new-difficult-26-243-24-70.cnf,Train
SAT_Competition2009/CRAFTED/sgi/new-difficult-28-302-26-75.cnf,Test
SAT_Competition2009/CRAFTED/sgi/satsgi-n17himBHm20-p0-q146.cnf,Train
SAT_Competition2009/CRAFTED/sgi/satsgi-n18himBHm21-p0-q167.cnf,Validation
SAT_Competition2009/CRAFTED/sgi/satsgi-n19himBHm22-p0-q181.cnf,Train
SAT_Competition2009/CRAFTED/sgi/satsgi-n22himBHm24-p0-q209.cnf,Test
SAT_Competition2009/CRAFTED/sgi/satsgi-n22himBHm25-p0-q229.cnf,Train
SAT_Competition2009/CRAFTED/sgi/satsgi-n23himBHm25-p0-q219.cnf,Train
SAT_Competition2009/CRAFTED/sgi/satsgi-n23himBHm26-p0-q248.cnf,Train
SAT_Competition2009/CRAFTED/sgi/satsgi-n23himBHm27-p0-q251.cnf,Test
SAT_Competition2009/CRAFTED/sgi/satsgi-n25himBHm27-p0-q251.cnf,Validation
SAT_Competition2009/CRAFTED/sgi/satsgi-n25himBHm29-p0-q290.cnf,Train
SAT_Competition2009/CRAFTED/sgi/satsgi-n28himBHm30-p0-q333.cnf,Train
SAT_Competition2009/CRAFTED/sgi/sgi-difficult4.cnf,None
SAT_Competition2009/CRAFTED/sgi/sgi-difficult7.cnf,None
SAT_Competition2011/SAT02/handmade/chu-min-li/urquhart/urquhart3_25bis.shuffled.cnf,None
SAT_Competition2011/SAT02/handmade/pehoushek/plainoldcnf/5cnf_3500_3500_30f1.shuffled.cnf,Train
SAT_Competition2011/SAT02/handmade/pehoushek/plainoldcnf/5cnf_3900_3900_060.shuffled.cnf,Validation
SAT_Competition2011/SAT02/handmade/pehoushek/plainoldcnf/5cnf_3900_3900_220.shuffled.cnf,Train
SAT_Competition2011/SAT02/handmade/pehoushek/plainoldcnf/5cnf_4300_4300_110.shuffled.cnf,Train
SAT_Competition2011/SAT02/handmade/pehoushek/plainoldcnf/5cnf_4300_4300_170.shuffled.cnf,Test
SAT_Competition2011/SAT02/handmade/pehoushek/twentyvars/7cnf20_90000_90000_7.shuffled.cnf,None
SAT_Competition2011/SAT02/handmade/simon/satex-challenges/c6288.shuffled.cnf,None
SAT_Competition2011/SAT02/handmade/simon/satex-challenges/f600.shuffled.cnf,None
SAT_Competition2011/SAT02/handmade/simon/satex-challenges/par32-3.shuffled.cnf,None
SAT_Competition2011/SAT02/handmade/zhang-lintao/xor-chain/x1_40.shuffled.cnf,None
SAT_Competition2011/SAT02/handmade/zhang-lintao/xor-chain/x1_80.shuffled.cnf,None
SAT_Competition2011/SAT02/industrial/aloul/Bart/bart17.shuffled.cnf,None
SAT_Competition2011/SAT02/industrial/aloul/Homer/homer14.shuffled.cnf,Train
SAT_Competition2011/SAT02/industrial/aloul/Homer/homer16.shuffled.cnf,Validation
SAT_Competition2011/SAT02/industrial/aloul/Homer/homer17.shuffled.cnf,Test
SAT_Competition2011/SAT02/industrial/biere/dinphil/dp04s04.shuffled.cnf,Validation
SAT_Competition2011/SAT02/industrial/biere/dinphil/dp04u03.shuffled.cnf,Train
SAT_Competition2011/SAT02/industrial/biere/dinphil/dp10s10.shuffled.cnf,Test
SAT_Competition2011/SAT02/industrial/dellacherie/comb/comb1.shuffled.cnf,None
SAT_Competition2011/SAT02/industrial/goldberg/fpga_routing/vda_gr_rcs_w9.shuffled.cnf,None
SAT_Competition2011/SAT02/industrial/goldberg/rand_net/rand_net60-25-10.shuffled.cnf,Validation
SAT_Competition2011/SAT02/industrial/goldberg/rand_net/rand_net60-30-1.shuffled.cnf,Train
SAT_Competition2011/SAT02/industrial/goldberg/rand_net/rand_net60-40-10.shuffled.cnf,Test
SAT_Competition2011/SAT02/industrial/goldberg/rand_net/rand_net70-60-10.shuffled.cnf,Train
SAT_Competition2011/SAT02/industrial/nam/fpga-routing/k2fix_gr_rcs_w8.shuffled.cnf,None
SAT_Competition2011/SAT02/industrial/nam/fpga-routing/k2fix_gr_rcs_w9.shuffled.cnf,None
SAT_Competition2011/SAT03/handmade/anton/SAT/SGI_30_80_15_90_4-dir.shuffled-as.sat03-6.cnf,Train
SAT_Competition2011/SAT03/handmade/anton/UNSAT/SGI_30_50_30_20_1-log.shuffled-as.sat03-107.cnf,Train
SAT_Competition2011/SAT03/handmade/anton/UNSAT/SGI_30_50_30_20_3-log.shuffled-as.sat03-109.cnf,Train
SAT_Competition2011/SAT03/handmade/anton/UNSAT/SGI_30_50_30_20_5-log.shuffled-as.sat03-111.cnf,Test
SAT_Competition2011/SAT03/handmade/anton/UNSAT/SGI_30_70_15_90_1-dir.shuffled-as.sat03-136.cnf,Validation
SAT_Competition2011/SAT03/handmade/anton/UNSAT/SGI_30_70_19_80_8-log.shuffled-as.sat03-143.cnf,Train
SAT_Competition2011/SAT03/handmade/anton/UNSAT/SGI_30_70_20_60_10-dir.shuffled-as.sat03-144.cnf,Train
SAT_Competition2011/SAT03/handmade/bevan/cnf/marg3x3add8.shuffled-as.sat03-1449.cnf,None
SAT_Competition2011/SAT03/handmade/bevan/cnf/marg3x3add8ch.shuffled-as.sat03-1448.cnf,None
SAT_Competition2011/SAT03/handmade/gomes/bqwh/bqwh.50.825.shuffled-as.sat03-1648.cnf,None
SAT_Competition2011/SAT03/handmade/markstrom/UNSATISFIABLE/mm-2x2-6-6-s.1.shuffled-as.sat03-1499.cnf,None
SAT_Competition2011/SAT03/handmade/stanion/hwb/hwb-n28-01-S136611085.shuffled-as.sat03-1627.cnf,None
SAT_Competition2011/SAT03/handmade/stanion/hwb/hwb-n28-02-S818962541.shuffled-as.sat03-1628.cnf,None
SAT_Competition2011/SAT03/industrial/goldberg/hard_eq_check/c6288mul.miter.shuffled-as.sat03-346.cnf,Test
SAT_Competition2011/SAT03/industrial/goldberg/hard_eq_check/k2mul.miter.shuffled-as.sat03-355.cnf,Validation
SAT_Competition2011/SAT03/industrial/goldberg/hard_eq_check/x1mul.miter.shuffled-as.sat03-359.cnf,Train
SAT_Competition2011/SAT03/industrial/maris/CNF/gripper13u.shuffled-as.sat03-395.cnf,None
SAT_Competition2011/SAT03/industrial/simon/sat02/6pipe_6_ooo.shuffled-as.sat03-413.cnf,None
SAT_Competition2011/SAT04/handmade/andrew/composite/Composite-024BitPrimes-1.used-as.sat04-861.cnf,None
SAT_Competition2011/SAT04/handmade/anton/l4k4/lksat-n900-m6174-k4-l4-s819398222.used-as.sat04-929.cnf,Validation
SAT_Competition2011/SAT04/handmade/anton/l5k3/lksat-n1100-m4103-k3-l5-s558351420.used-as.sat04-934.cnf,Test
SAT_Competition2011/SAT04/handmade/anton/l5k3/lksat-n900-m3357-k3-l5-s950595579.used-as.sat04-938.cnf,Train
SAT_Competition2011/SAT04/handmade/connamacher/connm-d-0.02/connm-ue-csp-sat-n1200-d-0.02-s405595518.used-as.sat04-950.cnf,None
SAT_Competition2011/SAT04/handmade/kexu/frb-0.6/frb75-13-2.used-as.sat04-878.cnf,Train
SAT_Competition2011/SAT04/handmade/kexu/frb-0.6/frb80-14-2.used-as.sat04-880.cnf,Validation
SAT_Competition2011/SAT04/handmade/kexu/frb-0.8/frb45-21-1.used-as.sat04-883.cnf,Train
SAT_Competition2011/SAT04/handmade/kexu/frb-0.8/frb59-26-1.used-as.sat04-891.cnf,Test
SAT_Competition2011/SAT04/handmade/kexu/frb-0.8/frb59-26-2.used-as.sat04-892.cnf,Train
SAT_Competition2011/SAT04/handmade/marijn/equilarge-l/equilarge_l2.used-as.sat04-894.cnf,None
SAT_Competition2011/SAT04/handmade/marijn/equilarge-l/equilarge_l4.used-as.sat04-896.cnf,None
SAT_Competition2011/SAT04/industrial/hoonsang/vis-bmc/all.used-as.sat04-986.cnf,None
SAT_Competition2011/SAT04/industrial/hoonsang/vis-bmc/dekker.used-as.sat04-989.cnf,None
SAT_Competition2011/SAT04/industrial/vangelder/cnf-color/abb313GPIA-9-c.used-as.sat04-317.cnf,None
SAT_Competition2011/SAT04/industrial/vangelder/cnf-color/abb313GPIA-9-tr.used-as.sat04-321.cnf,None
SAT_Competition2011/SAT04/industrial/vangelder/cnf-color/myciel6-tr.used-as.sat04-320.cnf,None
SAT_Competition2011/SAT05/crafted/jarvisalo05/mod2-rand3bip-sat/mod2-rand3bip-sat-270-1.shuffled-as.sat05-2248.cnf,Train
SAT_Competition2011/SAT05/crafted/jarvisalo05/mod2c-rand3bip-sat/mod2c-rand3bip-sat-220-3.shuffled-as.sat05-2490.cnf,Validation
SAT_Competition2011/SAT05/crafted/jarvisalo05/mod2c-rand3bip-sat/mod2c-rand3bip-sat-230-3.shuffled-as.sat05-2505.cnf,Train
SAT_Competition2011/SAT05/crafted/jarvisalo05/mod2c-rand3bip-sat/mod2c-rand3bip-sat-240-2.shuffled-as.sat05-2519.cnf,Train
SAT_Competition2011/SAT05/crafted/jarvisalo05/mod2c-rand3bip-sat/mod2c-rand3bip-sat-240-3.shuffled-as.sat05-2520.cnf,Test
SAT_Competition2011/SAT05/crafted/jarvisalo05/mod2c-rand3bip-sat/mod2c-rand3bip-sat-250-1.shuffled-as.sat05-2533.cnf,Train
SAT_Competition2011/SAT05/crafted/jarvisalo05/mod2c-rand3bip-sat/mod2c-rand3bip-sat-250-2.shuffled-as.sat05-2534.cnf,Test
SAT_Competition2011/SAT05/crafted/jarvisalo05/mod2c-rand3bip-sat/mod2c-rand3bip-sat-250-3.shuffled-as.sat05-2535.cnf,Train
SAT_Competition2011/SAT05/crafted/markstrom05/eulcbip/eulcbip-7-UNSAT.shuffled-as.sat05-3936.cnf,None
SAT_Competition2011/SAT05/crafted/sabharwal05/counting/fphp/unsat/harder/fphp-020-019.shuffled-as.sat05-1232.cnf,Train
SAT_Competition2011/SAT05/crafted/sabharwal05/counting/fphp/unsat/harder/fphp-030-029.shuffled-as.sat05-1234.cnf,Validation
SAT_Competition2011/SAT05/crafted/sabharwal05/counting/php/unsat/easier/php-010-008.shuffled-as.sat05-1171.cnf,Train
SAT_Competition2011/SAT05/crafted/sabharwal05/counting/php/unsat/easier/php-045-035.shuffled-as.sat05-1181.cnf,Test
SAT_Competition2011/SAT05/crafted/sabharwal05/counting/php/unsat/harder/php-020-019.shuffled-as.sat05-1190.cnf,Test
SAT_Competition2011/SAT05/crafted/sabharwal05/counting/php/unsat/harder/php-040-039.shuffled-as.sat05-1194.cnf,Train
SAT_Competition2011/SAT05/crafted/sabharwal05/ordering/gt-ordering/sat/gt-030.shuffled-as.sat05-1295.cnf,None
SAT_Competition2011/SAT05/crafted/sabharwal05/planning/logistics/unsat/logistics-rotate-07t5.shuffled-as.sat05-1137.cnf,None
SAT_Competition2011/SAT05/crafted/sorge05/QG6/dead-dnd002.shuffled-as.sat05-2713.cnf,None
SAT_Competition2011/SAT05/crafted/sorge05/QG7/dead-dnd003.shuffled-as.sat05-3109.cnf,None
SAT_Competition2011/SAT05/crafted/sorge05/QG7/gensys-icl007.shuffled-as.sat05-3133.cnf,Train
SAT_Competition2011/SAT05/crafted/sorge05/QG7/iso-ukn004.shuffled-as.sat05-3385.cnf,None
SAT_Competition2011/SAT05/crafted/sorge05/QG7a/gensys-brn002.shuffled-as.sat05-3935.cnf,Train
SAT_Competition2011/SAT05/crafted/sorge05/QG7a/gensys-icl005.shuffled-as.sat05-3826.cnf,Train
SAT_Competition2011/SAT05/crafted/sorge05/QG7a/gensys-ukn003.shuffled-as.sat05-3843.cnf,Test
SAT_Competition2011/SAT05/crafted/sorge05/QG7a/gensys-ukn009.shuffled-as.sat05-3849.cnf,Validation
SAT_Competition2011/SAT05/crafted/sorge05/QG8/gensys-ukn007.shuffled-as.sat05-3586.cnf,Train
SAT_Competition2011/SAT05/crafted/sorge05/QG8/iso-ukn009.shuffled-as.sat05-3632.cnf,None
SAT_Competition2011/SAT05/industrial/grieu05/vmpc/vmpc_25.renamed-as.sat05-1913.cnf,Train
SAT_Competition2011/SAT05/industrial/grieu05/vmpc/vmpc_29.renamed-as.sat05-1916.cnf,Validation
SAT_Competition2011/SAT05/industrial/grieu05/vmpc/vmpc_32.renamed-as.sat05-1919.cnf,Test
SAT_Competition2011/SAT05/industrial/grieu05/vmpc/vmpc_34.renamed-as.sat05-1926.cnf,Train
SAT_Competition2011/SAT05/industrial/grieu05/vmpc/vmpc_35.renamed-as.sat05-1921.cnf,Test
SAT_Competition2011/SAT05/industrial/grieu05/vmpc/vmpc_36.renamed-as.sat05-1922.cnf,Train
SAT_Competition2011/SAT05/industrial/maris05/DriverLog/driverlog1_ks99i.renamed-as.sat05-3951.cnf,None
SAT_Competition2011/SAT05/industrial/maris05/DriverLog/driverlog3_v01a.renamed-as.sat05-3963.cnf,None
SAT_Competition2011/SAT05/industrial/maris05/Ferry/ferry5_ks99i.renamed-as.sat05-3994.cnf,None
SAT_Competition2011/SAT05/industrial/maris05/Rovers/rovers1_ks99i.renamed-as.sat05-3971.cnf,None
SAT_Competition2011/SAT07/industrial/IBM_FV_2002_13_rule_1/SAT_dat.k20.cnf,None
SAT_Competition2011/SAT07/industrial/IBM_FV_2002_13_rule_1/SAT_dat.k45.cnf,None
SAT_Competition2011/SAT07/industrial/IBM_FV_2002_13_rule_1/SAT_dat.k80.cnf,None
SAT_Competition2011/SAT07/industrial/fuhs/hard/AProVE07-01.cnf,Train
SAT_Competition2011/SAT07/industrial/fuhs/hard/AProVE07-03.cnf,Validation
SAT_Competition2011/SAT07/industrial/fuhs/medium/AProVE07-21.cnf,Test
SAT_Competition2011/SAT07/industrial/jarvisalo/eq.atree.braun.11.unsat.cnf,None
SAT_Competition2011/SAT07/industrial/jarvisalo/eq.atree.braun.12.unsat.cnf,None
SAT_Competition2011/SAT09/APPLICATIONS/bioinfo/q_query_3_l46_lambda.cnf,None
SAT_Competition2011/SAT09/APPLICATIONS/bitverif/maxxor/maxxor032.cnf,Train
SAT_Competition2011/SAT09/APPLICATIONS/bitverif/minandmaxor/minandmaxor016.cnf,Validation
SAT_Competition2011/SAT09/APPLICATIONS/crypto/desgen/gss-14-s100.cnf,Train
SAT_Competition2011/SAT09/APPLICATIONS/crypto/desgen/gss-16-s100.cnf,Validation
SAT_Competition2011/SAT09/APPLICATIONS/crypto/desgen/gss-19-s100.cnf,Train
SAT_Competition2011/SAT09/APPLICATIONS/crypto/desgen/gss-21-s100.cnf,Test
SAT_Competition2011/SAT09/APPLICATIONS/crypto/desgen/gss-22-s100.cnf,Train
SAT_Competition2011/SAT09/APPLICATIONS/satComp09_BioInstances/ndhf_xits_19_UNKNOWN.cnf,Train
SAT_Competition2011/SAT09/APPLICATIONS/satComp09_BioInstances/rbcl_xits_08_UNSAT.cnf,Validation
SAT_Competition2011/SAT09/APPLICATIONS/satComp09_BioInstances/rbcl_xits_15_SAT.cnf,Train
SAT_Competition2011/SAT09/APPLICATIONS/satComp09_BioInstances/rbcl_xits_18_SAT.cnf,Test
SAT_Competition2011/SAT09/CRAFTED/edgematching/all/em_8_4_5_all.cnf,None
SAT_Competition2011/SAT09/CRAFTED/edgematching/compact/em_11_3_4_cmp.cnf,Validation
SAT_Competition2011/SAT09/CRAFTED/edgematching/compact/em_12_2_4_cmp.cnf,Train
SAT_Competition2011/SAT09/CRAFTED/edgematching/compact/em_7_3_6_cmp.cnf,Test
SAT_Competition2011/SAT09/CRAFTED/edgematching/fbcolors/em_8_4_5_fbc.cnf,None
SAT_Competition2011/SAT09/CRAFTED/modcircuits/mod3block_2vars_11gates_u2_autoenc.cnf,None
SAT_Competition2011/SAT09/CRAFTED/modcircuits/mod4block_2vars_8gates_u2.cnf,None
SAT_Competition2011/SAT09/CRAFTED/parity-games/instance_n8_i8_pp_ci_ce.cnf,None
SAT_Competition2011/SAT09/CRAFTED/parity-games/instance_n9_i9_pp.cnf,None
SAT_Competition2011/SAT09/CRAFTED/ramseycube/Q3inK10.cnf,None
SAT_Competition2011/SAT09/CRAFTED/rbsat/crafted/forced/rbsat-v760c43649gyes5.cnf,Train
SAT_Competition2011/SAT09/CRAFTED/rbsat/crafted/forced/rbsat-v760c43649gyes6.cnf,Train
SAT_Competition2011/SAT09/CRAFTED/rbsat/crafted/forced/rbsat-v760c43649gyes8.cnf,Train
SAT_Competition2011/SAT09/CRAFTED/rbsat/crafted/forced/rbsat-v945c61409gyes1.cnf,Test
SAT_Competition2011/SAT09/CRAFTED/rbsat/crafted/forced/rbsat-v945c61409gyes10.cnf,Train
SAT_Competition2011/SAT09/CRAFTED/rbsat/crafted/forced/rbsat-v945c61409gyes7.cnf,Train
SAT_Competition2011/SAT09/CRAFTED/rbsat/crafted/unforced/rbsat-v760c43649g2.cnf,Train
SAT_Competition2011/SAT09/CRAFTED/rbsat/crafted/unforced/rbsat-v760c43649g7.cnf,Test
SAT_Competition2011/SAT09/CRAFTED/rbsat/crafted/unforced/rbsat-v760c43649g9.cnf,Train
SAT_Competition2011/SAT09/CRAFTED/rbsat/crafted/unforced/rbsat-v945c61409g3.cnf,Train
SAT_Competition2011/SAT09/CRAFTED/rbsat/random/forced/rbsat-v1150c84314gyes1.cnf,Train
SAT_Competition2011/SAT09/CRAFTED/rbsat/random/forced/rbsat-v1375c111739gyes10.cnf,Train
SAT_Competition2011/SAT09/CRAFTED/rbsat/random/forced/rbsat-v945c61409gyes5.cnf,Validation
SAT_Competition2011/SAT09/CRAFTED/rbsat/random/unforced/rbsat-v1150c84314g1.cnf,Train
SAT_Competition2011/SAT09/CRAFTED/rbsat/random/unforced/rbsat-v1150c84314g7.cnf,Test
SAT_Competition2011/SAT09/CRAFTED/rbsat/random/unforced/rbsat-v1375c111739g4.cnf,Train
SAT_Competition2011/SAT09/CRAFTED/rbsat/random/unforced/rbsat-v760c43649g5.cnf,Train
SAT_Competition2011/SAT09/CRAFTED/rbsat/random/unforced/rbsat-v760c43649g7.cnf,Train
SAT_Competition2011/SAT09/CRAFTED/rbsat/random/unforced/rbsat-v945c61409g3.cnf,Train
SAT_Competition2011/SAT09/CRAFTED/rbsat/random/unforced/rbsat-v945c61409g4.cnf,Test
SAT_Competition2011/SAT09/CRAFTED/rbsat/random/unforced/rbsat-v945c61409g7.cnf,Train
SAT_Competition2011/SAT09/CRAFTED/sgi/new-difficult-23-189-21-75.cnf,None
SAT_Competition2011/SAT09/CRAFTED/sgi/satsgi-n26himBHm28-p0-q293.cnf,None
SAT_Competition2011/SAT11/application/fuhs/AProVE11/AProVE11-12.cnf,None
SAT_Competition2011/SAT11/application/fuhs/slp-synthesis-AES/slp-synthesis-aes-bottom12.cnf,Train
SAT_Competition2011/SAT11/application/fuhs/slp-synthesis-AES/slp-synthesis-aes-bottom13.cnf,Validation
SAT_Competition2011/SAT11/application/fuhs/slp-synthesis-AES/slp-synthesis-aes-bottom14.cnf,Train
SAT_Competition2011/SAT11/application/jarvisalo/AAAI2010-SATPlanning/aaai10-planning-ipc5-pathways-13-step17.cnf,None
SAT_Competition2011/SAT11/application/jarvisalo/AAAI2010-SATPlanning/aaai10-planning-ipc5-rovers-18-step11.cnf,None
SAT_Competition2011/SAT11/application/jarvisalo/AAAI2010-SATPlanning/aaai10-planning-ipc5-rovers-18-step12.cnf,None
SAT_Competition2011/SAT11/application/jarvisalo/HWMCC10-combination-timeframe-expansion/hwmcc10-timeframe-expansion-k45-bobsmhdlc2-tseitin.cnf,None
SAT_Competition2011/SAT11/application/jarvisalo/smtqfbv-aigs/smtlib-qfbv-aigs-ext_con_032_008_0256-tseitin.cnf,None
SAT_Competition2011/SAT11/application/kullmann/AES/Benchmarks/32/aes_32_1_keyfind_1.cnf,Train
SAT_Competition2011/SAT11/application/kullmann/AES/Benchmarks/32/aes_32_2_keyfind_1.cnf,Test
SAT_Competition2011/SAT11/application/kullmann/AES/Benchmarks/32/aes_32_3_keyfind_1.cnf,Train
SAT_Competition2011/SAT11/application/kullmann/AES/Benchmarks/32/aes_32_4_keyfind_1.cnf,Test
SAT_Competition2011/SAT11/application/kullmann/AES/Benchmarks/64/aes_64_1_keyfind_1.cnf,Train
SAT_Competition2011/SAT11/application/leberre/2dimensionalstrippacking/E02F17.cnf,Train
SAT_Competition2011/SAT11/application/leberre/2dimensionalstrippacking/E02F20.cnf,Validation
SAT_Competition2011/SAT11/application/leberre/2dimensionalstrippacking/E03N17.cnf,Train
SAT_Competition2011/SAT11/application/leberre/2dimensionalstrippacking/E04F19.cnf,Train
SAT_Competition2011/SAT11/application/leberre/2dimensionalstrippacking/E04F20.cnf,Test
SAT_Competition2011/SAT11/application/leberre/2dimensionalstrippacking/E04N18.cnf,Train
SAT_Competition2011/SAT11/application/leberre/2dimensionalstrippacking/E05F18.cnf,Train
SAT_Competition2011/SAT11/application/leberre/2dimensionalstrippacking/E05F20.cnf,Train
SAT_Competition2011/SAT11/application/leberre/2dimensionalstrippacking/E05X15.cnf,Test
SAT_Competition2011/SAT11/application/leberre/2dimensionalstrippacking/E07N15.cnf,Test
SAT_Competition2011/SAT11/application/leberre/2dimensionalstrippacking/E15N15.cnf,Train
SAT_Competition2011/SAT11/application/leberre/2dimensionalstrippacking/korf-15.cnf,Train
SAT_Competition2011/SAT11/application/leberre/2dimensionalstrippacking/korf-17.cnf,Test
SAT_Competition2011/SAT11/application/leberre/2dimensionalstrippacking/korf-18.cnf,Train
SAT_Competition2011/SAT11/application/manthey/traffic/traffic_3b_unknown.cnf,None
SAT_Competition2011/SAT11/crafted/anton/SRHD-SGI/srhd-sgi-m27-q225-n25-p15-s58217873.cnf,Train
SAT_Competition2011/SAT11/crafted/anton/SRHD-SGI/srhd-sgi-m27-q225-n25-p30-s70617701.cnf,Validation
SAT_Competition2011/SAT11/crafted/anton/SRHD-SGI/srhd-sgi-m27-q255-n25-p15-s2076598.cnf,Test
SAT_Competition2011/SAT11/crafted/anton/SRHD-SGI/srhd-sgi-m27-q255-n25-p30-s39712998.cnf,Train
SAT_Competition2011/SAT11/crafted/anton/SRHD-SGI/srhd-sgi-m32-q326.25-n30-p15-s44266159.cnf,Train
SAT_Competition2011/SAT11/crafted/anton/SRHD-SGI/srhd-sgi-m32-q326.25-n30-p30-s48700942.cnf,Validation
SAT_Competition2011/SAT11/crafted/anton/SRHD-SGI/srhd-sgi-m32-q369.75-n30-p15-s59317012.cnf,Train
SAT_Competition2011/SAT11/crafted/anton/SRHD-SGI/srhd-sgi-m32-q369.75-n30-p30-s25693430.cnf,Test
SAT_Competition2011/SAT11/crafted/anton/SRHD-SGI/srhd-sgi-m37-q446.25-n35-p15-s25120921.cnf,Train
SAT_Competition2011/SAT11/crafted/anton/SRHD-SGI/srhd-sgi-m37-q446.25-n35-p30-s33692332.cnf,Train
SAT_Competition2011/SAT11/crafted/anton/SRHD-SGI/srhd-sgi-m37-q505.75-n35-p15-s48276711.cnf,Validation
SAT_Competition2011/SAT11/crafted/anton/SRHD-SGI/srhd-sgi-m37-q505.75-n35-p30-s59841049.cnf,Train
SAT_Competition2011/SAT11/crafted/anton/SRHD-SGI/srhd-sgi-m42-q585-n40-p15-s54275047.cnf,Train
SAT_Competition2011/SAT11/crafted/anton/SRHD-SGI/srhd-sgi-m42-q585-n40-p30-s19690873.cnf,Test
SAT_Competition2011/SAT11/crafted/anton/SRHD-SGI/srhd-sgi-m42-q663-n40-p15-s72490337.cnf,Validation
SAT_Competition2011/SAT11/crafted/anton/SRHD-SGI/srhd-sgi-m42-q663-n40-p30-s67876261.cnf,Train
SAT_Competition2011/SAT11/crafted/anton/SRHD-SGI/srhd-sgi-m47-q742.5-n45-p15-s28972035.cnf,Validation
SAT_Competition2011/SAT11/crafted/anton/SRHD-SGI/srhd-sgi-m47-q742.5-n45-p30-s17570390.cnf,Train
SAT_Competition2011/SAT11/crafted/anton/SRHD-SGI/srhd-sgi-m47-q841.5-n45-p15-s16393788.cnf,Test
SAT_Competition2011/SAT11/crafted/anton/SRHD-SGI/srhd-sgi-m47-q841.5-n45-p30-s84954709.cnf,Train
SAT_Competition2011/SAT11/crafted/anton/SRHD-SGI/srhd-sgi-m52-q1041.25-n50-p15-s99099953.cnf,Test
SAT_Competition2011/SAT11/crafted/anton/SRHD-SGI/srhd-sgi-m52-q1041.25-n50-p30-s30907550.cnf,Validation
SAT_Competition2011/SAT11/crafted/anton/SRHD-SGI/srhd-sgi-m52-q918.75-n50-p15-s98191766.cnf,Train
SAT_Competition2011/SAT11/crafted/kullmann/GreenTao/GreenTaok1k2/GreenTao_2-3-5_527.cnf,Train
SAT_Competition2011/SAT11/crafted/kullmann/GreenTao/GreenTaok1k2/GreenTao_2-3-5_528.cnf,Validation
SAT_Competition2011/SAT11/crafted/kullmann/GreenTao/GreenTaok1k2/GreenTao_2-3-6_2071.cnf,None
SAT_Competition2011/SAT11/crafted/kullmann/GreenTao/GreenTaok1k2/GreenTao_2-4-4_511.cnf,Test
SAT_Competition2011/SAT11/crafted/kullmann/VanDerWaerden/VanderWaerden3k/VanDerWaerden_2-3-12_135.cnf,Train
SAT_Competition2011/SAT11/crafted/kullmann/VanDerWaerden/VanderWaerden3k/VanDerWaerden_2-3-13_160.cnf,Validation
SAT_Competition2011/SAT11/crafted/kullmann/VanDerWaerden/VanderWaerden3k/VanDerWaerden_2-3-20_388.cnf,Train
SAT_Competition2011/SAT11/crafted/kullmann/VanDerWaerden/VanderWaerden_pd_3k/VanDerWaerden_pd_2-3-19_348.cnf,Train
SAT_Competition2011/SAT11/crafted/kullmann/VanDerWaerden/VanderWaerden_pd_3k/VanDerWaerden_pd_2-3-20_381.cnf,Train
SAT_Competition2011/SAT11/crafted/kullmann/VanDerWaerden/VanderWaerden_pd_3k/VanDerWaerden_pd_2-3-20_390.cnf,Validation
SAT_Competition2011/SAT11/crafted/kullmann/VanDerWaerden/VanderWaerden_pd_3k/VanDerWaerden_pd_2-3-21_399.cnf,Train
SAT_Competition2011/SAT11/crafted/kullmann/VanDerWaerden/VanderWaerden_pd_3k/VanDerWaerden_pd_2-3-21_401.cnf,Train
SAT_Competition2011/SAT11/crafted/kullmann/VanDerWaerden/VanderWaerden_pd_3k/VanDerWaerden_pd_2-3-21_404.cnf,Train
SAT_Competition2011/SAT11/crafted/kullmann/VanDerWaerden/VanderWaerden_pd_3k/VanDerWaerden_pd_2-3-21_406.cnf,Train
SAT_Competition2011/SAT11/crafted/kullmann/VanDerWaerden/VanderWaerden_pd_3k/VanDerWaerden_pd_2-3-22_443.cnf,Test
SAT_Competition2011/SAT11/crafted/kullmann/VanDerWaerden/VanderWaerden_pd_3k/VanDerWaerden_pd_2-3-22_445.cnf,Train
SAT_Competition2011/SAT11/crafted/kullmann/VanDerWaerden/VanderWaerden_pd_3k/VanDerWaerden_pd_2-3-22_462.cnf,Test
SAT_Competition2011/SAT11/crafted/kullmann/VanDerWaerden/VanderWaerden_pd_3k/VanDerWaerden_pd_2-3-23_505.cnf,Validation
SAT_Competition2011/SAT11/crafted/kullmann/VanDerWaerden/VanderWaerden_pd_3k/VanDerWaerden_pd_2-3-23_506.cnf,Train
SAT_Competition2011/SAT11/crafted/kullmann/VanDerWaerden/VanderWaerden_pd_3k/VanDerWaerden_pd_2-3-24_567.cnf,Train
SAT_Competition2011/SAT11/crafted/mosoi/289/289-sat-11x10.cnf,Train
SAT_Competition2011/SAT11/crafted/mosoi/289/289-sat-11x4.cnf,Validation
SAT_Competition2011/SAT11/crafted/mosoi/289/289-sat-11x9.cnf,Train
SAT_Competition2011/SAT11/crafted/mosoi/289/289-sat-12x14.cnf,Train
SAT_Competition2011/SAT11/crafted/mosoi/289/289-sat-12x15.cnf,Test
SAT_Competition2011/SAT11/crafted/mosoi/289/289-sat-14x8.cnf,Test
SAT_Competition2011/SAT11/crafted/mosoi/289/289-sat-4x35.cnf,Train
SAT_Competition2011/SAT11/crafted/mosoi/289/289-sat-4x8.cnf,Train
SAT_Competition2011/SAT11/crafted/mosoi/289/289-sat-5x8.cnf,Validation
SAT_Competition2011/SAT11/crafted/mosoi/289/289-sat-6x19.cnf,Train
SAT_Competition2011/SAT11/crafted/mosoi/289/289-sat-6x20.cnf,Test
SAT_Competition2011/SAT11/crafted/mosoi/289/289-sat-6x8.cnf,Train
SAT_Competition2011/SAT11/crafted/mosoi/289/289-sat-6x9.cnf,Train
SAT_Competition2011/SAT11/crafted/mosoi/289/289-sat-7x6.cnf,Train
SAT_Competition2011/SAT11/crafted/mosoi/289/289-sat-9x13.cnf,Train
SAT_Competition2011/SAT11/crafted/mosoi/289/289-unsat-6x30.cnf,Train
SAT_Competition2011/SAT11/crafted/skvortsov/automata-synchronization/crn_11_100_s.cnf,Train
SAT_Competition2011/SAT11/crafted/skvortsov/automata-synchronization/crn_11_99_u.cnf,Validation
SAT_Competition2011/SAT11/crafted/skvortsov/automata-synchronization/crn_20_360_u.cnf,Train
SAT_Competition2011/SAT11/crafted/skvortsov/automata-synchronization/crn_20_361_s.cnf,Train
SAT_Competition2011/SAT11/crafted/skvortsov/automata-synchronization/rnd_100_27_s.cnf,Train
SAT_Competition2011/SAT11/crafted/skvortsov/automata-synchronization/rnd_100_28_s.cnf,Test
SAT_Competition2011/SAT11/crafted/skvortsov/automata-synchronization/rnd_100_28_u.cnf,Train
SAT_Competition2011/SAT11/crafted/skvortsov/automata-synchronization/rnd_100_32_s.cnf,Train
SAT_Competition2011/SAT11/crafted/skvortsov/automata-synchronization/rnd_150_29_u.cnf,Validation
SAT_Competition2011/SAT11/crafted/skvortsov/automata-synchronization/rnd_150_42_s.cnf,Train
SAT_Competition2011/SAT11/crafted/skvortsov/battleship/battleship-10-10-unsat.cnf,Train
SAT_Competition2011/SAT11/crafted/skvortsov/battleship/battleship-10-17-sat.cnf,Validation
SAT_Competition2011/SAT11/crafted/skvortsov/battleship/battleship-10-18-sat.cnf,Train
SAT_Competition2011/SAT11/crafted/skvortsov/battleship/battleship-10-19-sat.cnf,Train
SAT_Competition2011/SAT11/crafted/skvortsov/battleship/battleship-11-11-unsat.cnf,Test
SAT_Competition2011/SAT11/crafted/skvortsov/battleship/battleship-11-21-sat.cnf,Test
SAT_Competition2011/SAT11/crafted/skvortsov/battleship/battleship-12-12-unsat.cnf,Train
SAT_Competition2011/SAT11/crafted/skvortsov/battleship/battleship-12-23-sat.cnf,Train
SAT_Competition2011/SAT11/crafted/skvortsov/battleship/battleship-13-13-unsat.cnf,Validation
SAT_Competition2011/SAT11/crafted/skvortsov/battleship/battleship-14-26-sat.cnf,Validation
SAT_Competition2011/SAT11/crafted/skvortsov/battleship/battleship-14-27-sat.cnf,Train
SAT_Competition2011/SAT11/crafted/skvortsov/battleship/battleship-15-29-sat.cnf,Train
SAT_Competition2011/SAT11/crafted/skvortsov/battleship/battleship-16-31-sat.cnf,Validation
SAT_Competition2011/SAT11/crafted/skvortsov/battleship/battleship-17-33-sat.cnf,Train
SAT_Competition2011/SAT11/crafted/skvortsov/battleship/battleship-24-57-sat.cnf,Test
SAT_Competition2011/SAT11/crafted/skvortsov/battleship/battleship-5-8-unsat.cnf,Train
SAT_Competition2011/SAT11/crafted/skvortsov/battleship/battleship-6-9-unsat.cnf,Validation
SAT_Competition2011/SAT11/crafted/skvortsov/battleship/battleship-7-12-unsat.cnf,Train
SAT_Competition2011/SAT11/crafted/skvortsov/battleship/battleship-7-13-sat.cnf,Test
SAT_Competition2011/SAT11/crafted/skvortsov/battleship/battleship-8-15-sat.cnf,Train
SAT_Competition2011/SAT11/crafted/skvortsov/battleship/battleship-9-17-sat.cnf,Test
SAT_Competition2011/SAT11/crafted/spence/sgen/sgen3-n120-s12930489-sat.cnf,Train
SAT_Competition2011/SAT11/crafted/spence/sgen/sgen3-n140-s18527668-sat.cnf,Train
SAT_Competition2011/SAT11/crafted/spence/sgen/sgen3-n160-s40283905-sat.cnf,Train
SAT_Competition2011/SAT11/crafted/spence/sgen/sgen3-n180-s34713902-sat.cnf,Train
SAT_Competition2011/SAT11/crafted/spence/sgen/sgen3-n200-s39840374-sat.cnf,Train
SAT_Competition2011/SAT11/crafted/spence/sgen/sgen3-n220-s24359701-sat.cnf,Train
SAT_Competition2011/SAT11/crafted/spence/sgen/sgen3-n240-s78945233-sat.cnf,Test
SAT_Competition2011/SAT11/crafted/spence/sgen/sgen3-n260-s62321009-sat.cnf,Train
SAT_Competition2011/SAT11/crafted/spence/sgen/sgen3-n280-s93756482-sat.cnf,Train
SAT_Competition2011/SAT11/crafted/spence/sgen/sgen3-n300-s12830984-sat.cnf,Train
SAT_Competition2011/SAT_RACE06/velev-pipe-o-uns-1.1-6.cnf,None
SAT_RACE2006/SAT-Race-Benchmarks/aloul-chnl11-13.cnf,None
SAT_RACE2006/SAT-Race-Benchmarks/een-pico-prop01-75.cnf,None
SAT_RACE2006/SAT-Race-Benchmarks/goldb-heqc-alu4mul.cnf,Validation
SAT_RACE2006/SAT-Race-Benchmarks/goldb-heqc-dalumul.cnf,Train
SAT_RACE2006/SAT-Race-Benchmarks/goldb-heqc-desmul.cnf,Train
SAT_RACE2006/SAT-Race-Benchmarks/goldb-heqc-frg2mul.cnf,Train
SAT_RACE2006/SAT-Race-Benchmarks/goldb-heqc-i10mul.cnf,Test
SAT_RACE2006/SAT-Race-Benchmarks/goldb-heqc-i8mul.cnf,Train
SAT_RACE2006/SAT-Race-Benchmarks/goldb-heqc-term1mul.cnf,Train
SAT_RACE2006/SAT-Race-Benchmarks/grieu-vmpc-s05-25.cnf,Train
SAT_RACE2006/SAT-Race-Benchmarks/grieu-vmpc-s05-27.cnf,Test
SAT_RACE2006/SAT-Race-Benchmarks/grieu-vmpc-s05-28.cnf,Train
SAT_RACE2006/SAT-Race-Benchmarks/grieu-vmpc-s05-34.cnf,Validation
SAT_RACE2006/SAT-Race-Benchmarks/hoons-vbmc-lucky7.cnf,None
SAT_RACE2006/SAT-Race-Benchmarks/ibm-2002-07r-k100.cnf,None
SAT_RACE2006/SAT-Race-Benchmarks/ibm-2004-1_31_2-k25.cnf,None
SAT_RACE2006/SAT-Race-Benchmarks/manol-pipe-c7b.cnf,Test
SAT_RACE2006/SAT-Race-Benchmarks/manol-pipe-c7b_i.cnf,Train
SAT_RACE2006/SAT-Race-Benchmarks/manol-pipe-c9.cnf,Validation
SAT_RACE2006/SAT-Race-Benchmarks/manol-pipe-g6bi.cnf,Train
SAT_RACE2006/SAT-Race-Benchmarks/maris-s03-gripper11.cnf,None
SAT_RACE2006/SAT-Race-Benchmarks/mizh-sha0-35-2.cnf,Train
SAT_RACE2006/SAT-Race-Benchmarks/mizh-sha0-35-3.cnf,Validation
SAT_RACE2006/SAT-Race-Benchmarks/mizh-sha0-35-4.cnf,Train
SAT_RACE2006/SAT-Race-Benchmarks/mizh-sha0-35-5.cnf,Test
SAT_RACE2006/SAT-Race-Benchmarks/simon-s02b-dp11u10.cnf,Train
SAT_RACE2006/SAT-Race-Benchmarks/simon-s02b-k2f-gr-rcs-w8.cnf,Train
SAT_RACE2006/SAT-Race-Benchmarks/simon-s02b-r4b1k1.1.cnf,Train
SAT_RACE2006/SAT-Race-Benchmarks/vange-col-abb313GPIA-9-c.cnf,None
SAT_RACE2006/SAT-Race-Benchmarks/velev-engi-uns-1.0-4nd.cnf,Validation
SAT_RACE2006/SAT-Race-Benchmarks/velev-engi-uns-1.0-5c1.cnf,Test
SAT_RACE2006/SAT-Race-Benchmarks/velev-live-uns-2.0-ebuf.cnf,Train
SAT_RACE2006/SAT-Race-Benchmarks/velev-pipe-o-uns-1.1-6.cnf,Validation
SAT_RACE2006/SAT-Race-Benchmarks/velev-pipe-uns-1.1-7.cnf,Test
SAT_RACE2006/SAT-Race_TS_1/een-tipb-sr06-tc6b.cnf,Train
SAT_RACE2006/SAT-Race_TS_1/goldb-heqc-desmul.cnf,Train
SAT_RACE2006/SAT-Race_TS_1/goldb-heqc-rotmul.cnf,Validation
SAT_RACE2006/SAT-Race_TS_1/grieu-vmpc-s05-24s.cnf,Test
SAT_RACE2006/SAT-Race_TS_1/grieu-vmpc-s05-27r.cnf,Train
SAT_RACE2006/SAT-Race_TS_1/hoons-vbmc-s04-05.cnf,Train
SAT_RACE2006/SAT-Race_TS_1/hoons-vbmc-s04-07.cnf,Train
SAT_RACE2006/SAT-Race_TS_1/manol-pipe-c10b.cnf,Test
SAT_RACE2006/SAT-Race_TS_1/manol-pipe-c6n.cnf,Train
SAT_RACE2006/SAT-Race_TS_1/manol-pipe-c7_i.cnf,Validation
SAT_RACE2006/SAT-Race_TS_1/manol-pipe-c8_i.cnf,Train
SAT_RACE2006/SAT-Race_TS_1/manol-pipe-c8b_i.cnf,Train
SAT_RACE2006/SAT-Race_TS_1/manol-pipe-f6b.cnf,Validation
SAT_RACE2006/SAT-Race_TS_1/manol-pipe-f6n.cnf,Test
SAT_RACE2006/SAT-Race_TS_1/manol-pipe-g6bid.cnf,Train
SAT_RACE2006/SAT-Race_TS_1/manol-pipe-g7n.cnf,Train
SAT_RACE2006/SAT-Race_TS_1/schup-l2s-s04-abp4.cnf,None
SAT_RACE2006/SAT-Race_TS_1/simon-mixed-s02bis-01.cnf,Train
SAT_RACE2006/SAT-Race_TS_1/simon-mixed-s02bis-03.cnf,Validation
SAT_RACE2006/SAT-Race_TS_1/simon-mixed-s02bis-05.cnf,Test
SAT_RACE2006/SAT-Race_TS_1/stric-bmc-ibm-12.cnf,Train
SAT_RACE2006/SAT-Race_TS_1/velev-eng-uns-1.0-04.cnf,Train
SAT_RACE2006/SAT-Race_TS_1/velev-eng-uns-1.0-04a.cnf,Validation
SAT_RACE2006/SAT-Race_TS_1/velev-npe-1.0-02.cnf,Train
SAT_RACE2006/SAT-Race_TS_1/velev-pipe-uns-1.1-05.cnf,Train
SAT_RACE2006/SAT-Race_TS_1/velev-pipe-uns-1.1-07.cnf,Test
SAT_RACE2006/SAT-Race_TS_1/velev-sss-1.0-cl.cnf,Train
SAT_RACE2006/SAT-Race_TS_1/velev-vliw-uns-2.0-02.cnf,Train
SAT_RACE2006/SAT-Race_TS_2/aloul-sr06-chnl10-13.cnf,None
SAT_RACE2006/SAT-Race_TS_2/een-pico-sr06-pr02-02.cnf,None
SAT_RACE2006/SAT-Race_TS_2/goldb-heqc-i8mul.cnf,Validation
SAT_RACE2006/SAT-Race_TS_2/goldb-heqc-k2mul.cnf,Train
SAT_RACE2006/SAT-Race_TS_2/grieu-vmpc-s05-05s.cnf,Train
SAT_RACE2006/SAT-Race_TS_2/hoons-vbmc-s04-06.cnf,Train
SAT_RACE2006/SAT-Race_TS_2/hoons-vbmc-s04-07.cnf,Train
SAT_RACE2006/SAT-Race_TS_2/manol-pipe-c6b_i.cnf,Train
SAT_RACE2006/SAT-Race_TS_2/manol-pipe-c7_i.cnf,Train
SAT_RACE2006/SAT-Race_TS_2/manol-pipe-c8b_i.cnf,Train
SAT_RACE2006/SAT-Race_TS_2/manol-pipe-cha05-113.cnf,Test
SAT_RACE2006/SAT-Race_TS_2/manol-pipe-f6i.cnf,Validation
SAT_RACE2006/SAT-Race_TS_2/manol-pipe-g8b.cnf,Train
SAT_RACE2006/SAT-Race_TS_2/manol-pipe-g8n.cnf,Train
SAT_RACE2006/SAT-Race_TS_2/miza-sr06-sha0-35-03.cnf,Train
SAT_RACE2006/SAT-Race_TS_2/schup-l2s-s04s2-09.cnf,Train
SAT_RACE2006/SAT-Race_TS_2/simon-mixed-s02bis-05.cnf,Validation
SAT_RACE2006/SAT-Race_TS_2/velev-live-2.0-02.cnf,Train
SAT_RACE2006/SAT-Race_TS_2/velev-pipe-uns-1.0-14.cnf,Test
SAT_RACE2006/SAT-Race_TS_2/velev-pipe-uns-1.1-03.cnf,Train
SAT_RACE2006/SAT-Race_TS_2/velev-sss-1.0-05.cnf,Train
SAT_RACE2008/aloul-chnl11-13.cnf,None
SAT_RACE2008/cmu-bmc-barrel6.cnf,Train
SAT_RACE2008/cmu-bmc-longmult13.cnf,Validation
SAT_RACE2008/cmu-bmc-longmult15.cnf,Train
SAT_RACE2008/een-tip-sat-texas-tp-5e.cnf,None
SAT_RACE2008/een-tip-sat-vis-eisen.cnf,None
SAT_RACE2008/fuhs-aprove-15.cnf,None
SAT_RACE2008/goldb-heqc-alu4mul.cnf,Train
SAT_RACE2008/goldb-heqc-dalumul.cnf,Test
SAT_RACE2008/goldb-heqc-frg1mul.cnf,Train
SAT_RACE2008/goldb-heqc-x1mul.cnf,Validation
SAT_RACE2008/grieu-vmpc-27.cnf,None
SAT_RACE2008/grieu-vmpc-31.cnf,None
SAT_RACE2008/hoons-vbmc-lucky7.cnf,None
SAT_RACE2008/ibm-2002-31_1r3-k30.cnf,Validation
SAT_RACE2008/ibm-2004-29-k25.cnf,Test
SAT_RACE2008/ibm-2004-29-k55.cnf,Train
SAT_RACE2008/jarvi-eq-atree-9.cnf,None
SAT_RACE2008/manol-pipe-c9n_i.cnf,None
SAT_RACE2008/marijn-philips.cnf,None
SAT_RACE2008/maris-s03-gripper11.cnf,None
SAT_RACE2008/mizh-sha0-35-3.cnf,None
SAT_RACE2008/mizh-sha0-35-4.cnf,None
SAT_RACE2008/post-cbmc-aes-d-r1.cnf,None
SAT_RACE2008/schup-l2s-abp4-1-k31.cnf,None
SAT_RACE2008/simon-s02-f2clk-50.cnf,Train
SAT_RACE2008/simon-s02b-r4b1k1.1.cnf,Validation
SAT_RACE2008/simon-s02b-r4b1k1.2.cnf,Train
SAT_RACE2008/vange-col-abb313GPIA-9-c.cnf,None
SAT_RACE2008/velev-engi-uns-1.0-4nd.cnf,Train
SAT_RACE2008/velev-vliw-uns-2.0-iq1.cnf,Test
SAT_RACE2008/velev-vliw-uns-2.0-iq2.cnf,Train
